ISO-10303-21;
HEADER;
/* Generated by software containing ST-Developer
 * from STEP Tools, Inc. (www.steptools.com) 
 */
/* OPTION: using custom renumber hook */

FILE_DESCRIPTION(
/* description */ ('STEP AP242 Edition 2',
'CAx-IF Rec.Pracs.---Representation and Presentation of Product Manufa
cturing Information (PMI)---4.0---2014-10-13',
'CAx-IF Rec.Pracs.---3D Tessellated Geometry---0.4---2014-09-14','2;1',
'CAx-IF Rec.Pracs.---User Defined Attributes---1.5---2016-08-15'),
/* implementation_level */ '2;1');

FILE_NAME(
/* name */ 'Part Studio 1 - Part 1',
/* time_stamp */ '2026-09-29T01:23:49Z',
/* author */ (''),
/* organization */ (''),
/* preprocessor_version */ 'ST-DEVELOPER v20',
/* originating_system */ 'ONSHAPE BY PTC INC, 1.221',
/* authorisation */ '  ');

FILE_SCHEMA (('AP242_MANAGED_MODEL_BASED_3D_ENGINEERING_MIM_LF { 1 0 10303 442 3 1 4 }'));
ENDSEC;

DATA;
#10=SHAPE_REPRESENTATION_RELATIONSHIP('','',#1634,#11);
#11=ADVANCED_BREP_SHAPE_REPRESENTATION('',(#1632),#2832);
#12=(
BOUNDED_SURFACE()
B_SPLINE_SURFACE(3,2,((#2721,#2722,#2723),(#2724,#2725,#2726),(#2727,#2728,
#2729),(#2730,#2731,#2732),(#2733,#2734,#2735),(#2736,#2737,#2738),(#2739,
#2740,#2741)),.UNSPECIFIED.,.F.,.F.,.F.)
B_SPLINE_SURFACE_WITH_KNOTS((4,1,1,1,4),(3,3),(6.28318530717959,6.67588438887831,
7.06858347057703,7.46128255227575,7.85398163397447),(0.,1.),
 .UNSPECIFIED.)
GEOMETRIC_REPRESENTATION_ITEM()
RATIONAL_B_SPLINE_SURFACE(((1.,0.707106781186549,1.),(1.,0.707106782482347,
1.),(1.,0.746571860232672,1.),(1.,0.869029034553704,1.),(1.,0.973464424259077,
1.),(1.,0.999999999884295,1.),(1.,1.,1.)))
REPRESENTATION_ITEM('')
SURFACE()
);
#13=(
BOUNDED_SURFACE()
B_SPLINE_SURFACE(3,2,((#2760,#2761,#2762),(#2763,#2764,#2765),(#2766,#2767,
#2768),(#2769,#2770,#2771),(#2772,#2773,#2774),(#2775,#2776,#2777),(#2778,
#2779,#2780)),.UNSPECIFIED.,.F.,.F.,.F.)
B_SPLINE_SURFACE_WITH_KNOTS((4,1,1,1,4),(3,3),(6.28318530717959,6.6758843888783,
7.06858347057702,7.46128255227573,7.85398163397444),(0.,1.),
 .UNSPECIFIED.)
GEOMETRIC_REPRESENTATION_ITEM()
RATIONAL_B_SPLINE_SURFACE(((1.,0.707106781186548,1.),(1.,0.70710678248244,
1.),(1.,0.746571860232641,1.),(1.,0.86902903455372,1.),(1.,0.973464424259069,
1.),(1.,0.9999999998843,1.),(1.,1.,1.)))
REPRESENTATION_ITEM('')
SURFACE()
);
#14=SPHERICAL_SURFACE('',#1749,0.002);
#15=SPHERICAL_SURFACE('',#1767,0.002);
#16=TOROIDAL_SURFACE('',#1739,0.008,0.002);
#17=TOROIDAL_SURFACE('',#1743,0.008,0.002);
#18=TOROIDAL_SURFACE('',#1757,0.008,0.002);
#19=TOROIDAL_SURFACE('',#1761,0.008,0.002);
#20=TOROIDAL_SURFACE('',#1773,0.008,0.002);
#21=TOROIDAL_SURFACE('',#1777,0.008,0.002);
#22=TOROIDAL_SURFACE('',#1783,0.003,0.002);
#23=TOROIDAL_SURFACE('',#1788,0.008,0.002);
#24=TOROIDAL_SURFACE('',#1792,0.008,0.002);
#25=TOROIDAL_SURFACE('',#1798,0.003,0.002);
#26=ELLIPSE('',#1670,0.00328535926340916,0.002);
#27=ELLIPSE('',#1671,0.00328535926340916,0.002);
#28=ELLIPSE('',#1693,0.00212132034355965,0.0015);
#29=ELLIPSE('',#1695,0.00212132034355965,0.0015);
#30=ELLIPSE('',#1698,0.00158406618743855,0.0015);
#31=ELLIPSE('',#1730,0.00212132034355965,0.0015);
#32=ELLIPSE('',#1731,0.00212132034355965,0.0015);
#33=ELLIPSE('',#1735,0.00158406618743855,0.0015);
#34=ELLIPSE('',#1752,0.00206155281280883,0.002);
#35=ELLIPSE('',#1753,0.00206155281280883,0.002);
#36=ELLIPSE('',#1770,0.00206155281280883,0.002);
#37=ELLIPSE('',#1771,0.00206155281280883,0.002);
#38=ELLIPSE('',#1780,0.00282842712474619,0.002);
#39=ELLIPSE('',#1795,0.00282842712474619,0.002);
#40=CYLINDRICAL_SURFACE('',#1652,0.002);
#41=CYLINDRICAL_SURFACE('',#1679,0.4);
#42=CYLINDRICAL_SURFACE('',#1682,0.005);
#43=CYLINDRICAL_SURFACE('',#1689,0.002);
#44=CYLINDRICAL_SURFACE('',#1691,0.0015);
#45=CYLINDRICAL_SURFACE('',#1694,0.0015);
#46=CYLINDRICAL_SURFACE('',#1697,0.0015);
#47=CYLINDRICAL_SURFACE('',#1699,0.01);
#48=CYLINDRICAL_SURFACE('',#1703,0.01);
#49=CYLINDRICAL_SURFACE('',#1707,0.0015);
#50=CYLINDRICAL_SURFACE('',#1720,0.01);
#51=CYLINDRICAL_SURFACE('',#1723,0.01);
#52=CYLINDRICAL_SURFACE('',#1729,0.0015);
#53=CYLINDRICAL_SURFACE('',#1732,0.0015);
#54=CYLINDRICAL_SURFACE('',#1734,0.0015);
#55=CYLINDRICAL_SURFACE('',#1736,0.0015);
#56=CYLINDRICAL_SURFACE('',#1737,0.002);
#57=CYLINDRICAL_SURFACE('',#1741,0.002);
#58=CYLINDRICAL_SURFACE('',#1745,0.002);
#59=CYLINDRICAL_SURFACE('',#1747,0.002);
#60=CYLINDRICAL_SURFACE('',#1751,0.002);
#61=CYLINDRICAL_SURFACE('',#1754,0.002);
#62=CYLINDRICAL_SURFACE('',#1755,0.002);
#63=CYLINDRICAL_SURFACE('',#1759,0.002);
#64=CYLINDRICAL_SURFACE('',#1763,0.002);
#65=CYLINDRICAL_SURFACE('',#1765,0.002);
#66=CYLINDRICAL_SURFACE('',#1769,0.002);
#67=CYLINDRICAL_SURFACE('',#1772,0.002);
#68=CYLINDRICAL_SURFACE('',#1775,0.002);
#69=CYLINDRICAL_SURFACE('',#1779,0.002);
#70=CYLINDRICAL_SURFACE('',#1781,0.002);
#71=CYLINDRICAL_SURFACE('',#1785,0.002);
#72=CYLINDRICAL_SURFACE('',#1786,0.002);
#73=CYLINDRICAL_SURFACE('',#1790,0.002);
#74=CYLINDRICAL_SURFACE('',#1794,0.002);
#75=CYLINDRICAL_SURFACE('',#1796,0.002);
#76=CYLINDRICAL_SURFACE('',#1800,0.002);
#77=CYLINDRICAL_SURFACE('',#1801,0.0015);
#78=CYLINDRICAL_SURFACE('',#1811,0.0036);
#79=CYLINDRICAL_SURFACE('',#1812,0.0036);
#80=CIRCLE('',#1639,0.0015);
#81=CIRCLE('',#1640,0.008);
#82=CIRCLE('',#1641,0.008);
#83=CIRCLE('',#1642,0.008);
#84=CIRCLE('',#1643,0.008);
#85=CIRCLE('',#1645,0.0036);
#86=CIRCLE('',#1647,0.002);
#87=CIRCLE('',#1648,0.002);
#88=CIRCLE('',#1650,0.002);
#89=CIRCLE('',#1651,0.002);
#90=CIRCLE('',#1653,0.002);
#91=CIRCLE('',#1655,0.002);
#92=CIRCLE('',#1657,0.003);
#93=CIRCLE('',#1658,0.002);
#94=CIRCLE('',#1660,0.003);
#95=CIRCLE('',#1661,0.002);
#96=CIRCLE('',#1662,0.002);
#97=CIRCLE('',#1664,0.0015);
#98=CIRCLE('',#1665,0.0015);
#99=CIRCLE('',#1667,0.0015);
#100=CIRCLE('',#1668,0.0015);
#101=CIRCLE('',#1673,0.002);
#102=CIRCLE('',#1674,0.002);
#103=CIRCLE('',#1676,0.4);
#104=CIRCLE('',#1680,0.4);
#105=CIRCLE('',#1683,0.005);
#106=CIRCLE('',#1684,0.005);
#107=CIRCLE('',#1692,0.0015);
#108=CIRCLE('',#1700,0.01);
#109=CIRCLE('',#1701,0.01);
#110=CIRCLE('',#1704,0.01);
#111=CIRCLE('',#1705,0.01);
#112=CIRCLE('',#1709,0.008);
#113=CIRCLE('',#1710,0.008);
#114=CIRCLE('',#1715,0.008);
#115=CIRCLE('',#1716,0.008);
#116=CIRCLE('',#1721,0.01);
#117=CIRCLE('',#1722,0.01);
#118=CIRCLE('',#1724,0.01);
#119=CIRCLE('',#1725,0.01);
#120=CIRCLE('',#1728,0.0036);
#121=CIRCLE('',#1733,0.0015);
#122=CIRCLE('',#1738,0.002);
#123=CIRCLE('',#1740,0.002);
#124=CIRCLE('',#1742,0.002);
#125=CIRCLE('',#1744,0.002);
#126=CIRCLE('',#1746,0.002);
#127=CIRCLE('',#1748,0.002);
#128=CIRCLE('',#1750,0.002);
#129=CIRCLE('',#1756,0.002);
#130=CIRCLE('',#1758,0.002);
#131=CIRCLE('',#1760,0.002);
#132=CIRCLE('',#1762,0.002);
#133=CIRCLE('',#1764,0.002);
#134=CIRCLE('',#1766,0.002);
#135=CIRCLE('',#1768,0.002);
#136=CIRCLE('',#1774,0.002);
#137=CIRCLE('',#1776,0.002);
#138=CIRCLE('',#1778,0.002);
#139=CIRCLE('',#1782,0.002);
#140=CIRCLE('',#1784,0.002);
#141=CIRCLE('',#1787,0.002);
#142=CIRCLE('',#1789,0.002);
#143=CIRCLE('',#1791,0.002);
#144=CIRCLE('',#1793,0.002);
#145=CIRCLE('',#1797,0.002);
#146=CIRCLE('',#1799,0.002);
#147=CIRCLE('',#1806,0.0036);
#148=CIRCLE('',#1810,0.0036);
#149=ORIENTED_EDGE('',*,*,#617,.F.);
#150=ORIENTED_EDGE('',*,*,#618,.F.);
#151=ORIENTED_EDGE('',*,*,#619,.T.);
#152=ORIENTED_EDGE('',*,*,#620,.T.);
#153=ORIENTED_EDGE('',*,*,#621,.F.);
#154=ORIENTED_EDGE('',*,*,#622,.F.);
#155=ORIENTED_EDGE('',*,*,#623,.T.);
#156=ORIENTED_EDGE('',*,*,#618,.T.);
#157=ORIENTED_EDGE('',*,*,#624,.F.);
#158=ORIENTED_EDGE('',*,*,#625,.F.);
#159=ORIENTED_EDGE('',*,*,#626,.T.);
#160=ORIENTED_EDGE('',*,*,#627,.T.);
#161=ORIENTED_EDGE('',*,*,#628,.T.);
#162=ORIENTED_EDGE('',*,*,#629,.T.);
#163=ORIENTED_EDGE('',*,*,#630,.T.);
#164=ORIENTED_EDGE('',*,*,#631,.F.);
#165=ORIENTED_EDGE('',*,*,#632,.T.);
#166=ORIENTED_EDGE('',*,*,#633,.T.);
#167=ORIENTED_EDGE('',*,*,#634,.F.);
#168=ORIENTED_EDGE('',*,*,#635,.T.);
#169=ORIENTED_EDGE('',*,*,#636,.T.);
#170=ORIENTED_EDGE('',*,*,#620,.F.);
#171=ORIENTED_EDGE('',*,*,#637,.T.);
#172=ORIENTED_EDGE('',*,*,#638,.T.);
#173=ORIENTED_EDGE('',*,*,#639,.T.);
#174=ORIENTED_EDGE('',*,*,#640,.T.);
#175=ORIENTED_EDGE('',*,*,#641,.T.);
#176=ORIENTED_EDGE('',*,*,#642,.T.);
#177=ORIENTED_EDGE('',*,*,#643,.T.);
#178=ORIENTED_EDGE('',*,*,#644,.T.);
#179=ORIENTED_EDGE('',*,*,#645,.T.);
#180=ORIENTED_EDGE('',*,*,#646,.T.);
#181=ORIENTED_EDGE('',*,*,#647,.T.);
#182=ORIENTED_EDGE('',*,*,#648,.T.);
#183=ORIENTED_EDGE('',*,*,#649,.T.);
#184=ORIENTED_EDGE('',*,*,#650,.T.);
#185=ORIENTED_EDGE('',*,*,#651,.T.);
#186=ORIENTED_EDGE('',*,*,#652,.T.);
#187=ORIENTED_EDGE('',*,*,#653,.F.);
#188=ORIENTED_EDGE('',*,*,#654,.T.);
#189=ORIENTED_EDGE('',*,*,#655,.T.);
#190=ORIENTED_EDGE('',*,*,#656,.T.);
#191=ORIENTED_EDGE('',*,*,#657,.T.);
#192=ORIENTED_EDGE('',*,*,#626,.F.);
#193=ORIENTED_EDGE('',*,*,#658,.F.);
#194=ORIENTED_EDGE('',*,*,#659,.T.);
#195=ORIENTED_EDGE('',*,*,#660,.T.);
#196=ORIENTED_EDGE('',*,*,#661,.T.);
#197=ORIENTED_EDGE('',*,*,#662,.T.);
#198=ORIENTED_EDGE('',*,*,#663,.T.);
#199=ORIENTED_EDGE('',*,*,#655,.F.);
#200=ORIENTED_EDGE('',*,*,#664,.T.);
#201=ORIENTED_EDGE('',*,*,#665,.F.);
#202=ORIENTED_EDGE('',*,*,#666,.F.);
#203=ORIENTED_EDGE('',*,*,#622,.T.);
#204=ORIENTED_EDGE('',*,*,#667,.T.);
#205=ORIENTED_EDGE('',*,*,#668,.T.);
#206=ORIENTED_EDGE('',*,*,#669,.T.);
#207=ORIENTED_EDGE('',*,*,#670,.F.);
#208=ORIENTED_EDGE('',*,*,#671,.F.);
#209=ORIENTED_EDGE('',*,*,#672,.F.);
#210=ORIENTED_EDGE('',*,*,#673,.F.);
#211=ORIENTED_EDGE('',*,*,#638,.F.);
#212=ORIENTED_EDGE('',*,*,#673,.T.);
#213=ORIENTED_EDGE('',*,*,#674,.F.);
#214=ORIENTED_EDGE('',*,*,#675,.F.);
#215=ORIENTED_EDGE('',*,*,#676,.F.);
#216=ORIENTED_EDGE('',*,*,#677,.F.);
#217=ORIENTED_EDGE('',*,*,#678,.T.);
#218=ORIENTED_EDGE('',*,*,#679,.T.);
#219=ORIENTED_EDGE('',*,*,#680,.T.);
#220=ORIENTED_EDGE('',*,*,#681,.T.);
#221=ORIENTED_EDGE('',*,*,#682,.T.);
#222=ORIENTED_EDGE('',*,*,#683,.T.);
#223=ORIENTED_EDGE('',*,*,#684,.T.);
#224=ORIENTED_EDGE('',*,*,#685,.T.);
#225=ORIENTED_EDGE('',*,*,#686,.T.);
#226=ORIENTED_EDGE('',*,*,#687,.T.);
#227=ORIENTED_EDGE('',*,*,#688,.T.);
#228=ORIENTED_EDGE('',*,*,#689,.F.);
#229=ORIENTED_EDGE('',*,*,#690,.T.);
#230=ORIENTED_EDGE('',*,*,#691,.T.);
#231=ORIENTED_EDGE('',*,*,#692,.T.);
#232=ORIENTED_EDGE('',*,*,#693,.F.);
#233=ORIENTED_EDGE('',*,*,#694,.T.);
#234=ORIENTED_EDGE('',*,*,#695,.T.);
#235=ORIENTED_EDGE('',*,*,#696,.T.);
#236=ORIENTED_EDGE('',*,*,#697,.F.);
#237=ORIENTED_EDGE('',*,*,#698,.T.);
#238=ORIENTED_EDGE('',*,*,#699,.T.);
#239=ORIENTED_EDGE('',*,*,#700,.F.);
#240=ORIENTED_EDGE('',*,*,#701,.T.);
#241=ORIENTED_EDGE('',*,*,#702,.F.);
#242=ORIENTED_EDGE('',*,*,#703,.F.);
#243=ORIENTED_EDGE('',*,*,#704,.F.);
#244=ORIENTED_EDGE('',*,*,#705,.T.);
#245=ORIENTED_EDGE('',*,*,#706,.T.);
#246=ORIENTED_EDGE('',*,*,#707,.F.);
#247=ORIENTED_EDGE('',*,*,#708,.F.);
#248=ORIENTED_EDGE('',*,*,#709,.F.);
#249=ORIENTED_EDGE('',*,*,#710,.T.);
#250=ORIENTED_EDGE('',*,*,#711,.T.);
#251=ORIENTED_EDGE('',*,*,#712,.F.);
#252=ORIENTED_EDGE('',*,*,#713,.T.);
#253=ORIENTED_EDGE('',*,*,#714,.T.);
#254=ORIENTED_EDGE('',*,*,#715,.T.);
#255=ORIENTED_EDGE('',*,*,#716,.F.);
#256=ORIENTED_EDGE('',*,*,#717,.T.);
#257=ORIENTED_EDGE('',*,*,#718,.F.);
#258=ORIENTED_EDGE('',*,*,#682,.F.);
#259=ORIENTED_EDGE('',*,*,#719,.T.);
#260=ORIENTED_EDGE('',*,*,#700,.T.);
#261=ORIENTED_EDGE('',*,*,#720,.F.);
#262=ORIENTED_EDGE('',*,*,#721,.T.);
#263=ORIENTED_EDGE('',*,*,#722,.F.);
#264=ORIENTED_EDGE('',*,*,#723,.T.);
#265=ORIENTED_EDGE('',*,*,#693,.T.);
#266=ORIENTED_EDGE('',*,*,#724,.F.);
#267=ORIENTED_EDGE('',*,*,#685,.F.);
#268=ORIENTED_EDGE('',*,*,#725,.T.);
#269=ORIENTED_EDGE('',*,*,#688,.F.);
#270=ORIENTED_EDGE('',*,*,#726,.T.);
#271=ORIENTED_EDGE('',*,*,#707,.T.);
#272=ORIENTED_EDGE('',*,*,#727,.F.);
#273=ORIENTED_EDGE('',*,*,#702,.T.);
#274=ORIENTED_EDGE('',*,*,#728,.T.);
#275=ORIENTED_EDGE('',*,*,#680,.F.);
#276=ORIENTED_EDGE('',*,*,#729,.T.);
#277=ORIENTED_EDGE('',*,*,#730,.T.);
#278=ORIENTED_EDGE('',*,*,#731,.T.);
#279=ORIENTED_EDGE('',*,*,#722,.T.);
#280=ORIENTED_EDGE('',*,*,#732,.T.);
#281=ORIENTED_EDGE('',*,*,#727,.T.);
#282=ORIENTED_EDGE('',*,*,#706,.F.);
#283=ORIENTED_EDGE('',*,*,#733,.F.);
#284=ORIENTED_EDGE('',*,*,#734,.T.);
#285=ORIENTED_EDGE('',*,*,#689,.T.);
#286=ORIENTED_EDGE('',*,*,#705,.F.);
#287=ORIENTED_EDGE('',*,*,#735,.T.);
#288=ORIENTED_EDGE('',*,*,#677,.T.);
#289=ORIENTED_EDGE('',*,*,#733,.T.);
#290=ORIENTED_EDGE('',*,*,#644,.F.);
#291=ORIENTED_EDGE('',*,*,#736,.T.);
#292=ORIENTED_EDGE('',*,*,#730,.F.);
#293=ORIENTED_EDGE('',*,*,#737,.T.);
#294=ORIENTED_EDGE('',*,*,#735,.F.);
#295=ORIENTED_EDGE('',*,*,#704,.T.);
#296=ORIENTED_EDGE('',*,*,#738,.F.);
#297=ORIENTED_EDGE('',*,*,#678,.F.);
#298=ORIENTED_EDGE('',*,*,#738,.T.);
#299=ORIENTED_EDGE('',*,*,#703,.T.);
#300=ORIENTED_EDGE('',*,*,#729,.F.);
#301=ORIENTED_EDGE('',*,*,#679,.F.);
#302=ORIENTED_EDGE('',*,*,#724,.T.);
#303=ORIENTED_EDGE('',*,*,#709,.T.);
#304=ORIENTED_EDGE('',*,*,#739,.F.);
#305=ORIENTED_EDGE('',*,*,#686,.F.);
#306=ORIENTED_EDGE('',*,*,#739,.T.);
#307=ORIENTED_EDGE('',*,*,#708,.T.);
#308=ORIENTED_EDGE('',*,*,#726,.F.);
#309=ORIENTED_EDGE('',*,*,#687,.F.);
#310=ORIENTED_EDGE('',*,*,#681,.F.);
#311=ORIENTED_EDGE('',*,*,#728,.F.);
#312=ORIENTED_EDGE('',*,*,#701,.F.);
#313=ORIENTED_EDGE('',*,*,#719,.F.);
#314=ORIENTED_EDGE('',*,*,#656,.F.);
#315=ORIENTED_EDGE('',*,*,#663,.F.);
#316=ORIENTED_EDGE('',*,*,#740,.T.);
#317=ORIENTED_EDGE('',*,*,#741,.T.);
#318=ORIENTED_EDGE('',*,*,#741,.F.);
#319=ORIENTED_EDGE('',*,*,#742,.T.);
#320=ORIENTED_EDGE('',*,*,#743,.F.);
#321=ORIENTED_EDGE('',*,*,#744,.F.);
#322=ORIENTED_EDGE('',*,*,#745,.F.);
#323=ORIENTED_EDGE('',*,*,#746,.T.);
#324=ORIENTED_EDGE('',*,*,#657,.F.);
#325=ORIENTED_EDGE('',*,*,#744,.T.);
#326=ORIENTED_EDGE('',*,*,#747,.T.);
#327=ORIENTED_EDGE('',*,*,#748,.T.);
#328=ORIENTED_EDGE('',*,*,#652,.F.);
#329=ORIENTED_EDGE('',*,*,#749,.F.);
#330=ORIENTED_EDGE('',*,*,#750,.F.);
#331=ORIENTED_EDGE('',*,*,#751,.T.);
#332=ORIENTED_EDGE('',*,*,#627,.F.);
#333=ORIENTED_EDGE('',*,*,#746,.F.);
#334=ORIENTED_EDGE('',*,*,#752,.F.);
#335=ORIENTED_EDGE('',*,*,#753,.T.);
#336=ORIENTED_EDGE('',*,*,#754,.F.);
#337=ORIENTED_EDGE('',*,*,#755,.T.);
#338=ORIENTED_EDGE('',*,*,#754,.T.);
#339=ORIENTED_EDGE('',*,*,#756,.T.);
#340=ORIENTED_EDGE('',*,*,#757,.T.);
#341=ORIENTED_EDGE('',*,*,#758,.T.);
#342=ORIENTED_EDGE('',*,*,#757,.F.);
#343=ORIENTED_EDGE('',*,*,#759,.T.);
#344=ORIENTED_EDGE('',*,*,#760,.F.);
#345=ORIENTED_EDGE('',*,*,#761,.T.);
#346=ORIENTED_EDGE('',*,*,#762,.T.);
#347=ORIENTED_EDGE('',*,*,#661,.F.);
#348=ORIENTED_EDGE('',*,*,#763,.T.);
#349=ORIENTED_EDGE('',*,*,#760,.T.);
#350=ORIENTED_EDGE('',*,*,#764,.T.);
#351=ORIENTED_EDGE('',*,*,#765,.T.);
#352=ORIENTED_EDGE('',*,*,#629,.F.);
#353=ORIENTED_EDGE('',*,*,#628,.F.);
#354=ORIENTED_EDGE('',*,*,#751,.F.);
#355=ORIENTED_EDGE('',*,*,#710,.F.);
#356=ORIENTED_EDGE('',*,*,#676,.T.);
#357=ORIENTED_EDGE('',*,*,#718,.T.);
#358=ORIENTED_EDGE('',*,*,#766,.T.);
#359=ORIENTED_EDGE('',*,*,#767,.T.);
#360=ORIENTED_EDGE('',*,*,#768,.T.);
#361=ORIENTED_EDGE('',*,*,#769,.T.);
#362=ORIENTED_EDGE('',*,*,#770,.T.);
#363=ORIENTED_EDGE('',*,*,#771,.T.);
#364=ORIENTED_EDGE('',*,*,#734,.F.);
#365=ORIENTED_EDGE('',*,*,#691,.F.);
#366=ORIENTED_EDGE('',*,*,#772,.T.);
#367=ORIENTED_EDGE('',*,*,#752,.T.);
#368=ORIENTED_EDGE('',*,*,#773,.T.);
#369=ORIENTED_EDGE('',*,*,#743,.T.);
#370=ORIENTED_EDGE('',*,*,#774,.T.);
#371=ORIENTED_EDGE('',*,*,#775,.T.);
#372=ORIENTED_EDGE('',*,*,#716,.T.);
#373=ORIENTED_EDGE('',*,*,#750,.T.);
#374=ORIENTED_EDGE('',*,*,#745,.T.);
#375=ORIENTED_EDGE('',*,*,#776,.T.);
#376=ORIENTED_EDGE('',*,*,#777,.T.);
#377=ORIENTED_EDGE('',*,*,#697,.T.);
#378=ORIENTED_EDGE('',*,*,#778,.T.);
#379=ORIENTED_EDGE('',*,*,#779,.T.);
#380=ORIENTED_EDGE('',*,*,#720,.T.);
#381=ORIENTED_EDGE('',*,*,#699,.F.);
#382=ORIENTED_EDGE('',*,*,#780,.T.);
#383=ORIENTED_EDGE('',*,*,#781,.T.);
#384=ORIENTED_EDGE('',*,*,#782,.T.);
#385=ORIENTED_EDGE('',*,*,#783,.T.);
#386=ORIENTED_EDGE('',*,*,#784,.T.);
#387=ORIENTED_EDGE('',*,*,#785,.T.);
#388=ORIENTED_EDGE('',*,*,#786,.T.);
#389=ORIENTED_EDGE('',*,*,#787,.T.);
#390=ORIENTED_EDGE('',*,*,#788,.T.);
#391=ORIENTED_EDGE('',*,*,#789,.T.);
#392=ORIENTED_EDGE('',*,*,#790,.T.);
#393=ORIENTED_EDGE('',*,*,#791,.T.);
#394=ORIENTED_EDGE('',*,*,#792,.T.);
#395=ORIENTED_EDGE('',*,*,#793,.T.);
#396=ORIENTED_EDGE('',*,*,#714,.F.);
#397=ORIENTED_EDGE('',*,*,#672,.T.);
#398=ORIENTED_EDGE('',*,*,#794,.T.);
#399=ORIENTED_EDGE('',*,*,#795,.T.);
#400=ORIENTED_EDGE('',*,*,#796,.T.);
#401=ORIENTED_EDGE('',*,*,#797,.T.);
#402=ORIENTED_EDGE('',*,*,#674,.T.);
#403=ORIENTED_EDGE('',*,*,#787,.F.);
#404=ORIENTED_EDGE('',*,*,#798,.T.);
#405=ORIENTED_EDGE('',*,*,#776,.F.);
#406=ORIENTED_EDGE('',*,*,#799,.T.);
#407=ORIENTED_EDGE('',*,*,#797,.F.);
#408=ORIENTED_EDGE('',*,*,#800,.T.);
#409=ORIENTED_EDGE('',*,*,#785,.F.);
#410=ORIENTED_EDGE('',*,*,#801,.T.);
#411=ORIENTED_EDGE('',*,*,#802,.T.);
#412=ORIENTED_EDGE('',*,*,#803,.T.);
#413=ORIENTED_EDGE('',*,*,#670,.T.);
#414=ORIENTED_EDGE('',*,*,#804,.T.);
#415=ORIENTED_EDGE('',*,*,#669,.F.);
#416=ORIENTED_EDGE('',*,*,#805,.T.);
#417=ORIENTED_EDGE('',*,*,#806,.T.);
#418=ORIENTED_EDGE('',*,*,#634,.T.);
#419=ORIENTED_EDGE('',*,*,#807,.T.);
#420=ORIENTED_EDGE('',*,*,#804,.F.);
#421=ORIENTED_EDGE('',*,*,#807,.F.);
#422=ORIENTED_EDGE('',*,*,#808,.T.);
#423=ORIENTED_EDGE('',*,*,#792,.F.);
#424=ORIENTED_EDGE('',*,*,#809,.F.);
#425=ORIENTED_EDGE('',*,*,#791,.F.);
#426=ORIENTED_EDGE('',*,*,#810,.T.);
#427=ORIENTED_EDGE('',*,*,#802,.F.);
#428=ORIENTED_EDGE('',*,*,#809,.T.);
#429=ORIENTED_EDGE('',*,*,#808,.F.);
#430=ORIENTED_EDGE('',*,*,#633,.F.);
#431=ORIENTED_EDGE('',*,*,#811,.F.);
#432=ORIENTED_EDGE('',*,*,#793,.F.);
#433=ORIENTED_EDGE('',*,*,#632,.F.);
#434=ORIENTED_EDGE('',*,*,#631,.T.);
#435=ORIENTED_EDGE('',*,*,#712,.T.);
#436=ORIENTED_EDGE('',*,*,#811,.T.);
#437=ORIENTED_EDGE('',*,*,#698,.F.);
#438=ORIENTED_EDGE('',*,*,#777,.F.);
#439=ORIENTED_EDGE('',*,*,#812,.F.);
#440=ORIENTED_EDGE('',*,*,#780,.F.);
#441=ORIENTED_EDGE('',*,*,#812,.T.);
#442=ORIENTED_EDGE('',*,*,#798,.F.);
#443=ORIENTED_EDGE('',*,*,#813,.F.);
#444=ORIENTED_EDGE('',*,*,#781,.F.);
#445=ORIENTED_EDGE('',*,*,#813,.T.);
#446=ORIENTED_EDGE('',*,*,#786,.F.);
#447=ORIENTED_EDGE('',*,*,#814,.F.);
#448=ORIENTED_EDGE('',*,*,#782,.F.);
#449=ORIENTED_EDGE('',*,*,#814,.T.);
#450=ORIENTED_EDGE('',*,*,#800,.F.);
#451=ORIENTED_EDGE('',*,*,#815,.F.);
#452=ORIENTED_EDGE('',*,*,#783,.F.);
#453=ORIENTED_EDGE('',*,*,#815,.T.);
#454=ORIENTED_EDGE('',*,*,#796,.F.);
#455=ORIENTED_EDGE('',*,*,#816,.F.);
#456=ORIENTED_EDGE('',*,*,#784,.F.);
#457=ORIENTED_EDGE('',*,*,#721,.F.);
#458=ORIENTED_EDGE('',*,*,#779,.F.);
#459=ORIENTED_EDGE('',*,*,#817,.F.);
#460=ORIENTED_EDGE('',*,*,#789,.F.);
#461=ORIENTED_EDGE('',*,*,#817,.T.);
#462=ORIENTED_EDGE('',*,*,#816,.T.);
#463=ORIENTED_EDGE('',*,*,#818,.F.);
#464=ORIENTED_EDGE('',*,*,#818,.T.);
#465=ORIENTED_EDGE('',*,*,#795,.F.);
#466=ORIENTED_EDGE('',*,*,#819,.F.);
#467=ORIENTED_EDGE('',*,*,#790,.F.);
#468=ORIENTED_EDGE('',*,*,#810,.F.);
#469=ORIENTED_EDGE('',*,*,#819,.T.);
#470=ORIENTED_EDGE('',*,*,#820,.F.);
#471=ORIENTED_EDGE('',*,*,#820,.T.);
#472=ORIENTED_EDGE('',*,*,#794,.F.);
#473=ORIENTED_EDGE('',*,*,#671,.T.);
#474=ORIENTED_EDGE('',*,*,#803,.F.);
#475=ORIENTED_EDGE('',*,*,#690,.F.);
#476=ORIENTED_EDGE('',*,*,#771,.F.);
#477=ORIENTED_EDGE('',*,*,#821,.F.);
#478=ORIENTED_EDGE('',*,*,#772,.F.);
#479=ORIENTED_EDGE('',*,*,#821,.T.);
#480=ORIENTED_EDGE('',*,*,#770,.F.);
#481=ORIENTED_EDGE('',*,*,#822,.F.);
#482=ORIENTED_EDGE('',*,*,#753,.F.);
#483=ORIENTED_EDGE('',*,*,#822,.T.);
#484=ORIENTED_EDGE('',*,*,#769,.F.);
#485=ORIENTED_EDGE('',*,*,#823,.F.);
#486=ORIENTED_EDGE('',*,*,#756,.F.);
#487=ORIENTED_EDGE('',*,*,#823,.T.);
#488=ORIENTED_EDGE('',*,*,#768,.F.);
#489=ORIENTED_EDGE('',*,*,#824,.F.);
#490=ORIENTED_EDGE('',*,*,#759,.F.);
#491=ORIENTED_EDGE('',*,*,#717,.F.);
#492=ORIENTED_EDGE('',*,*,#775,.F.);
#493=ORIENTED_EDGE('',*,*,#825,.F.);
#494=ORIENTED_EDGE('',*,*,#766,.F.);
#495=ORIENTED_EDGE('',*,*,#824,.T.);
#496=ORIENTED_EDGE('',*,*,#767,.F.);
#497=ORIENTED_EDGE('',*,*,#826,.F.);
#498=ORIENTED_EDGE('',*,*,#764,.F.);
#499=ORIENTED_EDGE('',*,*,#826,.T.);
#500=ORIENTED_EDGE('',*,*,#825,.T.);
#501=ORIENTED_EDGE('',*,*,#827,.F.);
#502=ORIENTED_EDGE('',*,*,#827,.T.);
#503=ORIENTED_EDGE('',*,*,#774,.F.);
#504=ORIENTED_EDGE('',*,*,#828,.F.);
#505=ORIENTED_EDGE('',*,*,#765,.F.);
#506=ORIENTED_EDGE('',*,*,#828,.T.);
#507=ORIENTED_EDGE('',*,*,#742,.F.);
#508=ORIENTED_EDGE('',*,*,#829,.F.);
#509=ORIENTED_EDGE('',*,*,#829,.T.);
#510=ORIENTED_EDGE('',*,*,#740,.F.);
#511=ORIENTED_EDGE('',*,*,#662,.F.);
#512=ORIENTED_EDGE('',*,*,#762,.F.);
#513=ORIENTED_EDGE('',*,*,#675,.T.);
#514=ORIENTED_EDGE('',*,*,#801,.F.);
#515=ORIENTED_EDGE('',*,*,#830,.F.);
#516=ORIENTED_EDGE('',*,*,#639,.F.);
#517=ORIENTED_EDGE('',*,*,#830,.T.);
#518=ORIENTED_EDGE('',*,*,#788,.F.);
#519=ORIENTED_EDGE('',*,*,#831,.F.);
#520=ORIENTED_EDGE('',*,*,#640,.F.);
#521=ORIENTED_EDGE('',*,*,#831,.T.);
#522=ORIENTED_EDGE('',*,*,#799,.F.);
#523=ORIENTED_EDGE('',*,*,#832,.F.);
#524=ORIENTED_EDGE('',*,*,#641,.F.);
#525=ORIENTED_EDGE('',*,*,#832,.T.);
#526=ORIENTED_EDGE('',*,*,#778,.F.);
#527=ORIENTED_EDGE('',*,*,#833,.F.);
#528=ORIENTED_EDGE('',*,*,#642,.F.);
#529=ORIENTED_EDGE('',*,*,#833,.T.);
#530=ORIENTED_EDGE('',*,*,#696,.F.);
#531=ORIENTED_EDGE('',*,*,#834,.F.);
#532=ORIENTED_EDGE('',*,*,#643,.F.);
#533=ORIENTED_EDGE('',*,*,#834,.T.);
#534=ORIENTED_EDGE('',*,*,#695,.F.);
#535=ORIENTED_EDGE('',*,*,#835,.F.);
#536=ORIENTED_EDGE('',*,*,#736,.F.);
#537=ORIENTED_EDGE('',*,*,#723,.F.);
#538=ORIENTED_EDGE('',*,*,#731,.F.);
#539=ORIENTED_EDGE('',*,*,#835,.T.);
#540=ORIENTED_EDGE('',*,*,#694,.F.);
#541=ORIENTED_EDGE('',*,*,#660,.F.);
#542=ORIENTED_EDGE('',*,*,#650,.F.);
#543=ORIENTED_EDGE('',*,*,#836,.F.);
#544=ORIENTED_EDGE('',*,*,#763,.F.);
#545=ORIENTED_EDGE('',*,*,#836,.T.);
#546=ORIENTED_EDGE('',*,*,#649,.F.);
#547=ORIENTED_EDGE('',*,*,#837,.F.);
#548=ORIENTED_EDGE('',*,*,#761,.F.);
#549=ORIENTED_EDGE('',*,*,#837,.T.);
#550=ORIENTED_EDGE('',*,*,#648,.F.);
#551=ORIENTED_EDGE('',*,*,#838,.F.);
#552=ORIENTED_EDGE('',*,*,#758,.F.);
#553=ORIENTED_EDGE('',*,*,#838,.T.);
#554=ORIENTED_EDGE('',*,*,#647,.F.);
#555=ORIENTED_EDGE('',*,*,#839,.F.);
#556=ORIENTED_EDGE('',*,*,#755,.F.);
#557=ORIENTED_EDGE('',*,*,#839,.T.);
#558=ORIENTED_EDGE('',*,*,#646,.F.);
#559=ORIENTED_EDGE('',*,*,#840,.F.);
#560=ORIENTED_EDGE('',*,*,#773,.F.);
#561=ORIENTED_EDGE('',*,*,#840,.T.);
#562=ORIENTED_EDGE('',*,*,#645,.F.);
#563=ORIENTED_EDGE('',*,*,#841,.F.);
#564=ORIENTED_EDGE('',*,*,#692,.F.);
#565=ORIENTED_EDGE('',*,*,#841,.T.);
#566=ORIENTED_EDGE('',*,*,#737,.F.);
#567=ORIENTED_EDGE('',*,*,#842,.F.);
#568=ORIENTED_EDGE('',*,*,#683,.F.);
#569=ORIENTED_EDGE('',*,*,#725,.F.);
#570=ORIENTED_EDGE('',*,*,#684,.F.);
#571=ORIENTED_EDGE('',*,*,#842,.T.);
#572=ORIENTED_EDGE('',*,*,#732,.F.);
#573=ORIENTED_EDGE('',*,*,#713,.F.);
#574=ORIENTED_EDGE('',*,*,#630,.F.);
#575=ORIENTED_EDGE('',*,*,#711,.F.);
#576=ORIENTED_EDGE('',*,*,#715,.F.);
#577=ORIENTED_EDGE('',*,*,#749,.T.);
#578=ORIENTED_EDGE('',*,*,#651,.F.);
#579=ORIENTED_EDGE('',*,*,#659,.F.);
#580=ORIENTED_EDGE('',*,*,#843,.T.);
#581=ORIENTED_EDGE('',*,*,#619,.F.);
#582=ORIENTED_EDGE('',*,*,#623,.F.);
#583=ORIENTED_EDGE('',*,*,#666,.T.);
#584=ORIENTED_EDGE('',*,*,#637,.F.);
#585=ORIENTED_EDGE('',*,*,#658,.T.);
#586=ORIENTED_EDGE('',*,*,#844,.F.);
#587=ORIENTED_EDGE('',*,*,#747,.F.);
#588=ORIENTED_EDGE('',*,*,#843,.F.);
#589=ORIENTED_EDGE('',*,*,#845,.F.);
#590=ORIENTED_EDGE('',*,*,#846,.T.);
#591=ORIENTED_EDGE('',*,*,#667,.F.);
#592=ORIENTED_EDGE('',*,*,#621,.T.);
#593=ORIENTED_EDGE('',*,*,#617,.T.);
#594=ORIENTED_EDGE('',*,*,#636,.F.);
#595=ORIENTED_EDGE('',*,*,#806,.F.);
#596=ORIENTED_EDGE('',*,*,#847,.T.);
#597=ORIENTED_EDGE('',*,*,#845,.T.);
#598=ORIENTED_EDGE('',*,*,#635,.F.);
#599=ORIENTED_EDGE('',*,*,#848,.F.);
#600=ORIENTED_EDGE('',*,*,#849,.T.);
#601=ORIENTED_EDGE('',*,*,#653,.T.);
#602=ORIENTED_EDGE('',*,*,#625,.T.);
#603=ORIENTED_EDGE('',*,*,#748,.F.);
#604=ORIENTED_EDGE('',*,*,#844,.T.);
#605=ORIENTED_EDGE('',*,*,#665,.T.);
#606=ORIENTED_EDGE('',*,*,#850,.T.);
#607=ORIENTED_EDGE('',*,*,#848,.T.);
#608=ORIENTED_EDGE('',*,*,#624,.T.);
#609=ORIENTED_EDGE('',*,*,#805,.F.);
#610=ORIENTED_EDGE('',*,*,#668,.F.);
#611=ORIENTED_EDGE('',*,*,#846,.F.);
#612=ORIENTED_EDGE('',*,*,#847,.F.);
#613=ORIENTED_EDGE('',*,*,#850,.F.);
#614=ORIENTED_EDGE('',*,*,#664,.F.);
#615=ORIENTED_EDGE('',*,*,#654,.F.);
#616=ORIENTED_EDGE('',*,*,#849,.F.);
#617=EDGE_CURVE('',#851,#852,#991,.T.);
#618=EDGE_CURVE('',#853,#851,#992,.T.);
#619=EDGE_CURVE('',#853,#854,#993,.T.);
#620=EDGE_CURVE('',#854,#852,#994,.T.);
#621=EDGE_CURVE('',#855,#851,#995,.T.);
#622=EDGE_CURVE('',#856,#855,#996,.T.);
#623=EDGE_CURVE('',#856,#853,#997,.T.);
#624=EDGE_CURVE('',#857,#858,#998,.T.);
#625=EDGE_CURVE('',#859,#857,#999,.T.);
#626=EDGE_CURVE('',#859,#860,#1000,.T.);
#627=EDGE_CURVE('',#860,#861,#1001,.F.);
#628=EDGE_CURVE('',#861,#862,#1002,.F.);
#629=EDGE_CURVE('',#862,#863,#80,.T.);
#630=EDGE_CURVE('',#863,#864,#1003,.F.);
#631=EDGE_CURVE('',#865,#864,#1004,.T.);
#632=EDGE_CURVE('',#865,#866,#1005,.F.);
#633=EDGE_CURVE('',#866,#867,#1006,.F.);
#634=EDGE_CURVE('',#868,#867,#1007,.T.);
#635=EDGE_CURVE('',#868,#869,#1008,.T.);
#636=EDGE_CURVE('',#869,#852,#1009,.T.);
#637=EDGE_CURVE('',#854,#870,#1010,.T.);
#638=EDGE_CURVE('',#870,#871,#1011,.T.);
#639=EDGE_CURVE('',#871,#872,#81,.T.);
#640=EDGE_CURVE('',#872,#873,#1012,.T.);
#641=EDGE_CURVE('',#873,#874,#82,.T.);
#642=EDGE_CURVE('',#874,#875,#1013,.F.);
#643=EDGE_CURVE('',#875,#876,#1014,.F.);
#644=EDGE_CURVE('',#876,#877,#1015,.T.);
#645=EDGE_CURVE('',#877,#878,#1016,.T.);
#646=EDGE_CURVE('',#878,#879,#1017,.F.);
#647=EDGE_CURVE('',#879,#880,#83,.T.);
#648=EDGE_CURVE('',#880,#881,#1018,.F.);
#649=EDGE_CURVE('',#881,#882,#84,.T.);
#650=EDGE_CURVE('',#882,#883,#1019,.F.);
#651=EDGE_CURVE('',#883,#884,#1020,.T.);
#652=EDGE_CURVE('',#884,#858,#1021,.T.);
#653=EDGE_CURVE('',#885,#859,#1022,.T.);
#654=EDGE_CURVE('',#885,#886,#85,.T.);
#655=EDGE_CURVE('',#886,#887,#1023,.T.);
#656=EDGE_CURVE('',#887,#888,#1024,.T.);
#657=EDGE_CURVE('',#888,#860,#1025,.F.);
#658=EDGE_CURVE('',#889,#890,#1026,.T.);
#659=EDGE_CURVE('',#889,#883,#1027,.T.);
#660=EDGE_CURVE('',#883,#891,#86,.F.);
#661=EDGE_CURVE('',#891,#892,#1028,.T.);
#662=EDGE_CURVE('',#892,#893,#87,.T.);
#663=EDGE_CURVE('',#893,#887,#1029,.T.);
#664=EDGE_CURVE('',#886,#894,#1030,.F.);
#665=EDGE_CURVE('',#890,#894,#1031,.F.);
#666=EDGE_CURVE('',#856,#870,#1032,.T.);
#667=EDGE_CURVE('',#855,#895,#1033,.T.);
#668=EDGE_CURVE('',#895,#896,#1034,.F.);
#669=EDGE_CURVE('',#896,#897,#1035,.T.);
#670=EDGE_CURVE('',#898,#897,#1036,.T.);
#671=EDGE_CURVE('',#899,#898,#88,.F.);
#672=EDGE_CURVE('',#900,#899,#1037,.T.);
#673=EDGE_CURVE('',#870,#900,#89,.T.);
#674=EDGE_CURVE('',#901,#900,#1038,.F.);
#675=EDGE_CURVE('',#871,#901,#90,.T.);
#676=EDGE_CURVE('',#902,#903,#1039,.T.);
#677=EDGE_CURVE('',#904,#902,#1040,.T.);
#678=EDGE_CURVE('',#904,#905,#1041,.T.);
#679=EDGE_CURVE('',#905,#906,#1042,.T.);
#680=EDGE_CURVE('',#906,#907,#1043,.T.);
#681=EDGE_CURVE('',#907,#908,#91,.F.);
#682=EDGE_CURVE('',#908,#903,#1044,.T.);
#683=EDGE_CURVE('',#909,#910,#92,.F.);
#684=EDGE_CURVE('',#910,#911,#1045,.F.);
#685=EDGE_CURVE('',#911,#912,#1046,.T.);
#686=EDGE_CURVE('',#912,#913,#1047,.T.);
#687=EDGE_CURVE('',#913,#914,#1048,.T.);
#688=EDGE_CURVE('',#914,#915,#1049,.T.);
#689=EDGE_CURVE('',#916,#915,#1050,.T.);
#690=EDGE_CURVE('',#916,#917,#93,.T.);
#691=EDGE_CURVE('',#917,#918,#1051,.T.);
#692=EDGE_CURVE('',#918,#909,#1052,.F.);
#693=EDGE_CURVE('',#919,#920,#1053,.T.);
#694=EDGE_CURVE('',#919,#921,#1054,.T.);
#695=EDGE_CURVE('',#921,#922,#94,.T.);
#696=EDGE_CURVE('',#922,#923,#1055,.T.);
#697=EDGE_CURVE('',#924,#923,#1056,.T.);
#698=EDGE_CURVE('',#924,#925,#95,.F.);
#699=EDGE_CURVE('',#925,#926,#1057,.T.);
#700=EDGE_CURVE('',#927,#926,#1058,.T.);
#701=EDGE_CURVE('',#927,#928,#96,.T.);
#702=EDGE_CURVE('',#929,#928,#1059,.T.);
#703=EDGE_CURVE('',#930,#929,#1060,.T.);
#704=EDGE_CURVE('',#931,#930,#1061,.T.);
#705=EDGE_CURVE('',#931,#932,#1062,.T.);
#706=EDGE_CURVE('',#932,#933,#1063,.T.);
#707=EDGE_CURVE('',#934,#933,#1064,.T.);
#708=EDGE_CURVE('',#935,#934,#1065,.T.);
#709=EDGE_CURVE('',#920,#935,#1066,.T.);
#710=EDGE_CURVE('',#863,#936,#97,.T.);
#711=EDGE_CURVE('',#936,#863,#98,.F.);
#712=EDGE_CURVE('',#864,#937,#99,.T.);
#713=EDGE_CURVE('',#864,#937,#100,.T.);
#714=EDGE_CURVE('',#938,#937,#1067,.T.);
#715=EDGE_CURVE('',#937,#936,#1068,.T.);
#716=EDGE_CURVE('',#939,#936,#1069,.T.);
#717=EDGE_CURVE('',#939,#940,#26,.F.);
#718=EDGE_CURVE('',#903,#940,#1070,.T.);
#719=EDGE_CURVE('',#908,#927,#1071,.T.);
#720=EDGE_CURVE('',#941,#926,#1072,.T.);
#721=EDGE_CURVE('',#941,#938,#27,.F.);
#722=EDGE_CURVE('',#942,#943,#1073,.T.);
#723=EDGE_CURVE('',#942,#919,#101,.F.);
#724=EDGE_CURVE('',#912,#920,#1074,.T.);
#725=EDGE_CURVE('',#911,#943,#102,.F.);
#726=EDGE_CURVE('',#914,#934,#1075,.T.);
#727=EDGE_CURVE('',#915,#933,#103,.T.);
#728=EDGE_CURVE('',#928,#907,#1076,.F.);
#729=EDGE_CURVE('',#906,#929,#1077,.T.);
#730=EDGE_CURVE('',#944,#945,#1078,.F.);
#731=EDGE_CURVE('',#945,#942,#1079,.F.);
#732=EDGE_CURVE('',#943,#944,#1080,.T.);
#733=EDGE_CURVE('',#902,#932,#104,.T.);
#734=EDGE_CURVE('',#902,#916,#1081,.T.);
#735=EDGE_CURVE('',#931,#904,#1082,.T.);
#736=EDGE_CURVE('',#876,#945,#105,.F.);
#737=EDGE_CURVE('',#944,#877,#106,.T.);
#738=EDGE_CURVE('',#905,#930,#1083,.T.);
#739=EDGE_CURVE('',#913,#935,#1084,.T.);
#740=EDGE_CURVE('',#893,#946,#1085,.F.);
#741=EDGE_CURVE('',#946,#888,#1086,.F.);
#742=EDGE_CURVE('',#946,#947,#107,.T.);
#743=EDGE_CURVE('',#948,#947,#1087,.T.);
#744=EDGE_CURVE('',#888,#948,#28,.T.);
#745=EDGE_CURVE('',#949,#948,#1088,.T.);
#746=EDGE_CURVE('',#949,#860,#29,.F.);
#747=EDGE_CURVE('',#950,#951,#1089,.T.);
#748=EDGE_CURVE('',#951,#858,#1090,.T.);
#749=EDGE_CURVE('',#950,#884,#1091,.T.);
#750=EDGE_CURVE('',#936,#949,#1092,.T.);
#751=EDGE_CURVE('',#936,#861,#30,.F.);
#752=EDGE_CURVE('',#952,#953,#1093,.T.);
#753=EDGE_CURVE('',#952,#954,#108,.T.);
#754=EDGE_CURVE('',#955,#954,#1094,.F.);
#755=EDGE_CURVE('',#955,#953,#109,.F.);
#756=EDGE_CURVE('',#954,#956,#1095,.F.);
#757=EDGE_CURVE('',#956,#957,#1096,.T.);
#758=EDGE_CURVE('',#957,#955,#1097,.T.);
#759=EDGE_CURVE('',#956,#958,#110,.T.);
#760=EDGE_CURVE('',#959,#958,#1098,.F.);
#761=EDGE_CURVE('',#959,#957,#111,.F.);
#762=EDGE_CURVE('',#960,#892,#1099,.T.);
#763=EDGE_CURVE('',#891,#959,#1100,.T.);
#764=EDGE_CURVE('',#958,#961,#1101,.F.);
#765=EDGE_CURVE('',#961,#960,#1102,.T.);
#766=EDGE_CURVE('',#940,#962,#1103,.T.);
#767=EDGE_CURVE('',#962,#963,#1104,.T.);
#768=EDGE_CURVE('',#963,#964,#112,.F.);
#769=EDGE_CURVE('',#964,#965,#1105,.T.);
#770=EDGE_CURVE('',#965,#966,#113,.F.);
#771=EDGE_CURVE('',#966,#916,#1106,.T.);
#772=EDGE_CURVE('',#917,#952,#1107,.F.);
#773=EDGE_CURVE('',#953,#918,#1108,.T.);
#774=EDGE_CURVE('',#947,#967,#1109,.F.);
#775=EDGE_CURVE('',#967,#939,#1110,.F.);
#776=EDGE_CURVE('',#968,#969,#1111,.F.);
#777=EDGE_CURVE('',#969,#924,#1112,.F.);
#778=EDGE_CURVE('',#923,#968,#1113,.T.);
#779=EDGE_CURVE('',#970,#941,#1114,.F.);
#780=EDGE_CURVE('',#925,#971,#1115,.T.);
#781=EDGE_CURVE('',#971,#972,#114,.F.);
#782=EDGE_CURVE('',#972,#973,#1116,.F.);
#783=EDGE_CURVE('',#973,#974,#115,.F.);
#784=EDGE_CURVE('',#974,#970,#1117,.F.);
#785=EDGE_CURVE('',#975,#976,#1118,.F.);
#786=EDGE_CURVE('',#976,#977,#1119,.T.);
#787=EDGE_CURVE('',#977,#978,#1120,.T.);
#788=EDGE_CURVE('',#978,#975,#1121,.F.);
#789=EDGE_CURVE('',#938,#979,#1122,.T.);
#790=EDGE_CURVE('',#979,#980,#1123,.T.);
#791=EDGE_CURVE('',#980,#981,#1124,.F.);
#792=EDGE_CURVE('',#981,#982,#1125,.F.);
#793=EDGE_CURVE('',#982,#937,#1126,.T.);
#794=EDGE_CURVE('',#899,#983,#1127,.F.);
#795=EDGE_CURVE('',#983,#984,#1128,.F.);
#796=EDGE_CURVE('',#984,#985,#1129,.T.);
#797=EDGE_CURVE('',#985,#901,#1130,.T.);
#798=EDGE_CURVE('',#977,#969,#116,.T.);
#799=EDGE_CURVE('',#968,#978,#117,.F.);
#800=EDGE_CURVE('',#985,#976,#118,.T.);
#801=EDGE_CURVE('',#975,#901,#119,.F.);
#802=EDGE_CURVE('',#986,#987,#1131,.T.);
#803=EDGE_CURVE('',#987,#898,#1132,.T.);
#804=EDGE_CURVE('',#897,#986,#1133,.T.);
#805=EDGE_CURVE('',#896,#988,#120,.T.);
#806=EDGE_CURVE('',#988,#868,#1134,.T.);
#807=EDGE_CURVE('',#867,#986,#1135,.T.);
#808=EDGE_CURVE('',#867,#982,#31,.T.);
#809=EDGE_CURVE('',#986,#981,#32,.T.);
#810=EDGE_CURVE('',#980,#987,#121,.T.);
#811=EDGE_CURVE('',#937,#866,#33,.F.);
#812=EDGE_CURVE('',#971,#969,#122,.T.);
#813=EDGE_CURVE('',#972,#977,#123,.T.);
#814=EDGE_CURVE('',#973,#976,#124,.T.);
#815=EDGE_CURVE('',#974,#985,#125,.T.);
#816=EDGE_CURVE('',#970,#984,#126,.T.);
#817=EDGE_CURVE('',#979,#970,#127,.T.);
#818=EDGE_CURVE('',#979,#984,#128,.F.);
#819=EDGE_CURVE('',#980,#983,#34,.F.);
#820=EDGE_CURVE('',#987,#983,#35,.F.);
#821=EDGE_CURVE('',#952,#966,#129,.T.);
#822=EDGE_CURVE('',#954,#965,#130,.T.);
#823=EDGE_CURVE('',#956,#964,#131,.T.);
#824=EDGE_CURVE('',#958,#963,#132,.T.);
#825=EDGE_CURVE('',#962,#967,#133,.T.);
#826=EDGE_CURVE('',#961,#962,#134,.T.);
#827=EDGE_CURVE('',#961,#967,#135,.F.);
#828=EDGE_CURVE('',#960,#947,#36,.T.);
#829=EDGE_CURVE('',#960,#946,#37,.T.);
#830=EDGE_CURVE('',#872,#975,#136,.T.);
#831=EDGE_CURVE('',#873,#978,#137,.T.);
#832=EDGE_CURVE('',#874,#968,#138,.T.);
#833=EDGE_CURVE('',#875,#923,#38,.F.);
#834=EDGE_CURVE('',#876,#922,#139,.T.);
#835=EDGE_CURVE('',#945,#921,#140,.T.);
#836=EDGE_CURVE('',#959,#882,#141,.T.);
#837=EDGE_CURVE('',#957,#881,#142,.T.);
#838=EDGE_CURVE('',#955,#880,#143,.T.);
#839=EDGE_CURVE('',#953,#879,#144,.T.);
#840=EDGE_CURVE('',#918,#878,#39,.T.);
#841=EDGE_CURVE('',#909,#877,#145,.T.);
#842=EDGE_CURVE('',#910,#944,#146,.T.);
#843=EDGE_CURVE('',#889,#950,#1136,.T.);
#844=EDGE_CURVE('',#951,#890,#1137,.T.);
#845=EDGE_CURVE('',#989,#869,#1138,.T.);
#846=EDGE_CURVE('',#989,#895,#147,.F.);
#847=EDGE_CURVE('',#988,#989,#1139,.T.);
#848=EDGE_CURVE('',#990,#857,#1140,.T.);
#849=EDGE_CURVE('',#990,#885,#1141,.T.);
#850=EDGE_CURVE('',#894,#990,#148,.T.);
#851=VERTEX_POINT('',#2323);
#852=VERTEX_POINT('',#2324);
#853=VERTEX_POINT('',#2326);
#854=VERTEX_POINT('',#2328);
#855=VERTEX_POINT('',#2332);
#856=VERTEX_POINT('',#2334);
#857=VERTEX_POINT('',#2338);
#858=VERTEX_POINT('',#2339);
#859=VERTEX_POINT('',#2341);
#860=VERTEX_POINT('',#2343);
#861=VERTEX_POINT('',#2345);
#862=VERTEX_POINT('',#2347);
#863=VERTEX_POINT('',#2349);
#864=VERTEX_POINT('',#2351);
#865=VERTEX_POINT('',#2353);
#866=VERTEX_POINT('',#2355);
#867=VERTEX_POINT('',#2357);
#868=VERTEX_POINT('',#2359);
#869=VERTEX_POINT('',#2361);
#870=VERTEX_POINT('',#2364);
#871=VERTEX_POINT('',#2366);
#872=VERTEX_POINT('',#2368);
#873=VERTEX_POINT('',#2370);
#874=VERTEX_POINT('',#2372);
#875=VERTEX_POINT('',#2374);
#876=VERTEX_POINT('',#2376);
#877=VERTEX_POINT('',#2378);
#878=VERTEX_POINT('',#2380);
#879=VERTEX_POINT('',#2382);
#880=VERTEX_POINT('',#2384);
#881=VERTEX_POINT('',#2386);
#882=VERTEX_POINT('',#2388);
#883=VERTEX_POINT('',#2390);
#884=VERTEX_POINT('',#2392);
#885=VERTEX_POINT('',#2396);
#886=VERTEX_POINT('',#2398);
#887=VERTEX_POINT('',#2400);
#888=VERTEX_POINT('',#2402);
#889=VERTEX_POINT('',#2406);
#890=VERTEX_POINT('',#2407);
#891=VERTEX_POINT('',#2410);
#892=VERTEX_POINT('',#2412);
#893=VERTEX_POINT('',#2414);
#894=VERTEX_POINT('',#2417);
#895=VERTEX_POINT('',#2422);
#896=VERTEX_POINT('',#2424);
#897=VERTEX_POINT('',#2426);
#898=VERTEX_POINT('',#2428);
#899=VERTEX_POINT('',#2430);
#900=VERTEX_POINT('',#2432);
#901=VERTEX_POINT('',#2436);
#902=VERTEX_POINT('',#2440);
#903=VERTEX_POINT('',#2441);
#904=VERTEX_POINT('',#2443);
#905=VERTEX_POINT('',#2445);
#906=VERTEX_POINT('',#2447);
#907=VERTEX_POINT('',#2449);
#908=VERTEX_POINT('',#2451);
#909=VERTEX_POINT('',#2455);
#910=VERTEX_POINT('',#2456);
#911=VERTEX_POINT('',#2458);
#912=VERTEX_POINT('',#2460);
#913=VERTEX_POINT('',#2462);
#914=VERTEX_POINT('',#2464);
#915=VERTEX_POINT('',#2466);
#916=VERTEX_POINT('',#2468);
#917=VERTEX_POINT('',#2470);
#918=VERTEX_POINT('',#2472);
#919=VERTEX_POINT('',#2476);
#920=VERTEX_POINT('',#2477);
#921=VERTEX_POINT('',#2479);
#922=VERTEX_POINT('',#2481);
#923=VERTEX_POINT('',#2483);
#924=VERTEX_POINT('',#2485);
#925=VERTEX_POINT('',#2487);
#926=VERTEX_POINT('',#2489);
#927=VERTEX_POINT('',#2491);
#928=VERTEX_POINT('',#2493);
#929=VERTEX_POINT('',#2495);
#930=VERTEX_POINT('',#2497);
#931=VERTEX_POINT('',#2499);
#932=VERTEX_POINT('',#2501);
#933=VERTEX_POINT('',#2503);
#934=VERTEX_POINT('',#2505);
#935=VERTEX_POINT('',#2507);
#936=VERTEX_POINT('',#2511);
#937=VERTEX_POINT('',#2515);
#938=VERTEX_POINT('',#2519);
#939=VERTEX_POINT('',#2522);
#940=VERTEX_POINT('',#2524);
#941=VERTEX_POINT('',#2528);
#942=VERTEX_POINT('',#2532);
#943=VERTEX_POINT('',#2533);
#944=VERTEX_POINT('',#2545);
#945=VERTEX_POINT('',#2546);
#946=VERTEX_POINT('',#2566);
#947=VERTEX_POINT('',#2570);
#948=VERTEX_POINT('',#2572);
#949=VERTEX_POINT('',#2576);
#950=VERTEX_POINT('',#2580);
#951=VERTEX_POINT('',#2581);
#952=VERTEX_POINT('',#2589);
#953=VERTEX_POINT('',#2590);
#954=VERTEX_POINT('',#2592);
#955=VERTEX_POINT('',#2594);
#956=VERTEX_POINT('',#2598);
#957=VERTEX_POINT('',#2600);
#958=VERTEX_POINT('',#2604);
#959=VERTEX_POINT('',#2606);
#960=VERTEX_POINT('',#2610);
#961=VERTEX_POINT('',#2613);
#962=VERTEX_POINT('',#2618);
#963=VERTEX_POINT('',#2620);
#964=VERTEX_POINT('',#2622);
#965=VERTEX_POINT('',#2624);
#966=VERTEX_POINT('',#2626);
#967=VERTEX_POINT('',#2633);
#968=VERTEX_POINT('',#2637);
#969=VERTEX_POINT('',#2638);
#970=VERTEX_POINT('',#2643);
#971=VERTEX_POINT('',#2645);
#972=VERTEX_POINT('',#2647);
#973=VERTEX_POINT('',#2649);
#974=VERTEX_POINT('',#2651);
#975=VERTEX_POINT('',#2655);
#976=VERTEX_POINT('',#2656);
#977=VERTEX_POINT('',#2658);
#978=VERTEX_POINT('',#2660);
#979=VERTEX_POINT('',#2664);
#980=VERTEX_POINT('',#2666);
#981=VERTEX_POINT('',#2668);
#982=VERTEX_POINT('',#2670);
#983=VERTEX_POINT('',#2674);
#984=VERTEX_POINT('',#2676);
#985=VERTEX_POINT('',#2678);
#986=VERTEX_POINT('',#2688);
#987=VERTEX_POINT('',#2689);
#988=VERTEX_POINT('',#2694);
#989=VERTEX_POINT('',#2819);
#990=VERTEX_POINT('',#2825);
#991=LINE('',#2322,#1142);
#992=LINE('',#2325,#1143);
#993=LINE('',#2327,#1144);
#994=LINE('',#2329,#1145);
#995=LINE('',#2331,#1146);
#996=LINE('',#2333,#1147);
#997=LINE('',#2335,#1148);
#998=LINE('',#2337,#1149);
#999=LINE('',#2340,#1150);
#1000=LINE('',#2342,#1151);
#1001=LINE('',#2344,#1152);
#1002=LINE('',#2346,#1153);
#1003=LINE('',#2350,#1154);
#1004=LINE('',#2352,#1155);
#1005=LINE('',#2354,#1156);
#1006=LINE('',#2356,#1157);
#1007=LINE('',#2358,#1158);
#1008=LINE('',#2360,#1159);
#1009=LINE('',#2362,#1160);
#1010=LINE('',#2363,#1161);
#1011=LINE('',#2365,#1162);
#1012=LINE('',#2369,#1163);
#1013=LINE('',#2373,#1164);
#1014=LINE('',#2375,#1165);
#1015=LINE('',#2377,#1166);
#1016=LINE('',#2379,#1167);
#1017=LINE('',#2381,#1168);
#1018=LINE('',#2385,#1169);
#1019=LINE('',#2389,#1170);
#1020=LINE('',#2391,#1171);
#1021=LINE('',#2393,#1172);
#1022=LINE('',#2395,#1173);
#1023=LINE('',#2399,#1174);
#1024=LINE('',#2401,#1175);
#1025=LINE('',#2403,#1176);
#1026=LINE('',#2405,#1177);
#1027=LINE('',#2408,#1178);
#1028=LINE('',#2411,#1179);
#1029=LINE('',#2415,#1180);
#1030=LINE('',#2416,#1181);
#1031=LINE('',#2418,#1182);
#1032=LINE('',#2420,#1183);
#1033=LINE('',#2421,#1184);
#1034=LINE('',#2423,#1185);
#1035=LINE('',#2425,#1186);
#1036=LINE('',#2427,#1187);
#1037=LINE('',#2431,#1188);
#1038=LINE('',#2435,#1189);
#1039=LINE('',#2439,#1190);
#1040=LINE('',#2442,#1191);
#1041=LINE('',#2444,#1192);
#1042=LINE('',#2446,#1193);
#1043=LINE('',#2448,#1194);
#1044=LINE('',#2452,#1195);
#1045=LINE('',#2457,#1196);
#1046=LINE('',#2459,#1197);
#1047=LINE('',#2461,#1198);
#1048=LINE('',#2463,#1199);
#1049=LINE('',#2465,#1200);
#1050=LINE('',#2467,#1201);
#1051=LINE('',#2471,#1202);
#1052=LINE('',#2473,#1203);
#1053=LINE('',#2475,#1204);
#1054=LINE('',#2478,#1205);
#1055=LINE('',#2482,#1206);
#1056=LINE('',#2484,#1207);
#1057=LINE('',#2488,#1208);
#1058=LINE('',#2490,#1209);
#1059=LINE('',#2494,#1210);
#1060=LINE('',#2496,#1211);
#1061=LINE('',#2498,#1212);
#1062=LINE('',#2500,#1213);
#1063=LINE('',#2502,#1214);
#1064=LINE('',#2504,#1215);
#1065=LINE('',#2506,#1216);
#1066=LINE('',#2508,#1217);
#1067=LINE('',#2518,#1218);
#1068=LINE('',#2520,#1219);
#1069=LINE('',#2521,#1220);
#1070=LINE('',#2525,#1221);
#1071=LINE('',#2526,#1222);
#1072=LINE('',#2527,#1223);
#1073=LINE('',#2531,#1224);
#1074=LINE('',#2535,#1225);
#1075=LINE('',#2538,#1226);
#1076=LINE('',#2541,#1227);
#1077=LINE('',#2542,#1228);
#1078=LINE('',#2544,#1229);
#1079=LINE('',#2547,#1230);
#1080=LINE('',#2548,#1231);
#1081=LINE('',#2551,#1232);
#1082=LINE('',#2553,#1233);
#1083=LINE('',#2558,#1234);
#1084=LINE('',#2561,#1235);
#1085=LINE('',#2565,#1236);
#1086=LINE('',#2567,#1237);
#1087=LINE('',#2571,#1238);
#1088=LINE('',#2575,#1239);
#1089=LINE('',#2579,#1240);
#1090=LINE('',#2582,#1241);
#1091=LINE('',#2583,#1242);
#1092=LINE('',#2585,#1243);
#1093=LINE('',#2588,#1244);
#1094=LINE('',#2593,#1245);
#1095=LINE('',#2597,#1246);
#1096=LINE('',#2599,#1247);
#1097=LINE('',#2601,#1248);
#1098=LINE('',#2605,#1249);
#1099=LINE('',#2609,#1250);
#1100=LINE('',#2611,#1251);
#1101=LINE('',#2612,#1252);
#1102=LINE('',#2614,#1253);
#1103=LINE('',#2617,#1254);
#1104=LINE('',#2619,#1255);
#1105=LINE('',#2623,#1256);
#1106=LINE('',#2627,#1257);
#1107=LINE('',#2629,#1258);
#1108=LINE('',#2630,#1259);
#1109=LINE('',#2632,#1260);
#1110=LINE('',#2634,#1261);
#1111=LINE('',#2636,#1262);
#1112=LINE('',#2639,#1263);
#1113=LINE('',#2640,#1264);
#1114=LINE('',#2642,#1265);
#1115=LINE('',#2644,#1266);
#1116=LINE('',#2648,#1267);
#1117=LINE('',#2652,#1268);
#1118=LINE('',#2654,#1269);
#1119=LINE('',#2657,#1270);
#1120=LINE('',#2659,#1271);
#1121=LINE('',#2661,#1272);
#1122=LINE('',#2663,#1273);
#1123=LINE('',#2665,#1274);
#1124=LINE('',#2667,#1275);
#1125=LINE('',#2669,#1276);
#1126=LINE('',#2671,#1277);
#1127=LINE('',#2673,#1278);
#1128=LINE('',#2675,#1279);
#1129=LINE('',#2677,#1280);
#1130=LINE('',#2679,#1281);
#1131=LINE('',#2687,#1282);
#1132=LINE('',#2690,#1283);
#1133=LINE('',#2691,#1284);
#1134=LINE('',#2695,#1285);
#1135=LINE('',#2696,#1286);
#1136=LINE('',#2813,#1287);
#1137=LINE('',#2816,#1288);
#1138=LINE('',#2818,#1289);
#1139=LINE('',#2822,#1290);
#1140=LINE('',#2824,#1291);
#1141=LINE('',#2826,#1292);
#1142=VECTOR('',#1817,1.);
#1143=VECTOR('',#1818,1.);
#1144=VECTOR('',#1819,1.);
#1145=VECTOR('',#1820,1.);
#1146=VECTOR('',#1823,1.);
#1147=VECTOR('',#1824,1.);
#1148=VECTOR('',#1825,1.);
#1149=VECTOR('',#1828,1.);
#1150=VECTOR('',#1829,1.);
#1151=VECTOR('',#1830,1.);
#1152=VECTOR('',#1831,1.);
#1153=VECTOR('',#1832,1.);
#1154=VECTOR('',#1835,1.);
#1155=VECTOR('',#1836,1.);
#1156=VECTOR('',#1837,1.);
#1157=VECTOR('',#1838,1.);
#1158=VECTOR('',#1839,1.);
#1159=VECTOR('',#1840,1.);
#1160=VECTOR('',#1841,1.);
#1161=VECTOR('',#1842,1.);
#1162=VECTOR('',#1843,1.);
#1163=VECTOR('',#1846,1.);
#1164=VECTOR('',#1849,1.);
#1165=VECTOR('',#1850,1.);
#1166=VECTOR('',#1851,1.);
#1167=VECTOR('',#1852,1.);
#1168=VECTOR('',#1853,1.);
#1169=VECTOR('',#1856,1.);
#1170=VECTOR('',#1859,1.);
#1171=VECTOR('',#1860,1.);
#1172=VECTOR('',#1861,1.);
#1173=VECTOR('',#1864,1.);
#1174=VECTOR('',#1867,1.);
#1175=VECTOR('',#1868,1.);
#1176=VECTOR('',#1869,1.);
#1177=VECTOR('',#1872,1.);
#1178=VECTOR('',#1873,1.);
#1179=VECTOR('',#1876,1.);
#1180=VECTOR('',#1879,1.);
#1181=VECTOR('',#1880,1.);
#1182=VECTOR('',#1881,1.);
#1183=VECTOR('',#1884,1.);
#1184=VECTOR('',#1885,1.);
#1185=VECTOR('',#1886,1.);
#1186=VECTOR('',#1887,1.);
#1187=VECTOR('',#1888,1.);
#1188=VECTOR('',#1891,1.);
#1189=VECTOR('',#1896,1.);
#1190=VECTOR('',#1901,1.);
#1191=VECTOR('',#1902,1.);
#1192=VECTOR('',#1903,1.);
#1193=VECTOR('',#1904,1.);
#1194=VECTOR('',#1905,1.);
#1195=VECTOR('',#1908,1.);
#1196=VECTOR('',#1913,1.);
#1197=VECTOR('',#1914,1.);
#1198=VECTOR('',#1915,1.);
#1199=VECTOR('',#1916,1.);
#1200=VECTOR('',#1917,1.);
#1201=VECTOR('',#1918,1.);
#1202=VECTOR('',#1921,1.);
#1203=VECTOR('',#1922,1.);
#1204=VECTOR('',#1925,1.);
#1205=VECTOR('',#1926,1.);
#1206=VECTOR('',#1929,1.);
#1207=VECTOR('',#1930,1.);
#1208=VECTOR('',#1933,1.);
#1209=VECTOR('',#1934,1.);
#1210=VECTOR('',#1937,1.);
#1211=VECTOR('',#1938,1.);
#1212=VECTOR('',#1939,1.);
#1213=VECTOR('',#1940,1.);
#1214=VECTOR('',#1941,1.);
#1215=VECTOR('',#1942,1.);
#1216=VECTOR('',#1943,1.);
#1217=VECTOR('',#1944,1.);
#1218=VECTOR('',#1959,1.);
#1219=VECTOR('',#1960,1.);
#1220=VECTOR('',#1961,1.);
#1221=VECTOR('',#1964,1.);
#1222=VECTOR('',#1965,1.);
#1223=VECTOR('',#1966,1.);
#1224=VECTOR('',#1971,1.);
#1225=VECTOR('',#1974,1.);
#1226=VECTOR('',#1979,1.);
#1227=VECTOR('',#1984,1.);
#1228=VECTOR('',#1985,1.);
#1229=VECTOR('',#1988,1.);
#1230=VECTOR('',#1989,1.);
#1231=VECTOR('',#1990,1.);
#1232=VECTOR('',#1995,1.);
#1233=VECTOR('',#1998,1.);
#1234=VECTOR('',#2007,1.);
#1235=VECTOR('',#2012,1.);
#1236=VECTOR('',#2019,1.);
#1237=VECTOR('',#2020,1.);
#1238=VECTOR('',#2025,1.);
#1239=VECTOR('',#2030,1.);
#1240=VECTOR('',#2035,1.);
#1241=VECTOR('',#2036,1.);
#1242=VECTOR('',#2037,1.);
#1243=VECTOR('',#2040,1.);
#1244=VECTOR('',#2045,1.);
#1245=VECTOR('',#2048,1.);
#1246=VECTOR('',#2053,1.);
#1247=VECTOR('',#2054,1.);
#1248=VECTOR('',#2055,1.);
#1249=VECTOR('',#2060,1.);
#1250=VECTOR('',#2065,1.);
#1251=VECTOR('',#2066,1.);
#1252=VECTOR('',#2067,1.);
#1253=VECTOR('',#2068,1.);
#1254=VECTOR('',#2073,1.);
#1255=VECTOR('',#2074,1.);
#1256=VECTOR('',#2077,1.);
#1257=VECTOR('',#2080,1.);
#1258=VECTOR('',#2083,1.);
#1259=VECTOR('',#2084,1.);
#1260=VECTOR('',#2087,1.);
#1261=VECTOR('',#2088,1.);
#1262=VECTOR('',#2091,1.);
#1263=VECTOR('',#2092,1.);
#1264=VECTOR('',#2093,1.);
#1265=VECTOR('',#2096,1.);
#1266=VECTOR('',#2097,1.);
#1267=VECTOR('',#2100,1.);
#1268=VECTOR('',#2103,1.);
#1269=VECTOR('',#2106,1.);
#1270=VECTOR('',#2107,1.);
#1271=VECTOR('',#2108,1.);
#1272=VECTOR('',#2109,1.);
#1273=VECTOR('',#2112,1.);
#1274=VECTOR('',#2113,1.);
#1275=VECTOR('',#2114,1.);
#1276=VECTOR('',#2115,1.);
#1277=VECTOR('',#2116,1.);
#1278=VECTOR('',#2119,1.);
#1279=VECTOR('',#2120,1.);
#1280=VECTOR('',#2121,1.);
#1281=VECTOR('',#2122,1.);
#1282=VECTOR('',#2137,1.);
#1283=VECTOR('',#2138,1.);
#1284=VECTOR('',#2139,1.);
#1285=VECTOR('',#2144,1.);
#1286=VECTOR('',#2145,1.);
#1287=VECTOR('',#2294,1.);
#1288=VECTOR('',#2299,1.);
#1289=VECTOR('',#2302,1.);
#1290=VECTOR('',#2307,1.);
#1291=VECTOR('',#2310,1.);
#1292=VECTOR('',#2311,1.);
#1293=EDGE_LOOP('',(#149,#150,#151,#152));
#1294=EDGE_LOOP('',(#153,#154,#155,#156));
#1295=EDGE_LOOP('',(#157,#158,#159,#160,#161,#162,#163,#164,#165,#166,#167,
#168,#169,#170,#171,#172,#173,#174,#175,#176,#177,#178,#179,#180,#181,#182,
#183,#184,#185,#186));
#1296=EDGE_LOOP('',(#187,#188,#189,#190,#191,#192));
#1297=EDGE_LOOP('',(#193,#194,#195,#196,#197,#198,#199,#200,#201));
#1298=EDGE_LOOP('',(#202,#203,#204,#205,#206,#207,#208,#209,#210));
#1299=EDGE_LOOP('',(#211,#212,#213,#214));
#1300=EDGE_LOOP('',(#215,#216,#217,#218,#219,#220,#221));
#1301=EDGE_LOOP('',(#222,#223,#224,#225,#226,#227,#228,#229,#230,#231));
#1302=EDGE_LOOP('',(#232,#233,#234,#235,#236,#237,#238,#239,#240,#241,#242,
#243,#244,#245,#246,#247,#248));
#1303=EDGE_LOOP('',(#249,#250));
#1304=EDGE_LOOP('',(#251,#252));
#1305=EDGE_LOOP('',(#253,#254,#255,#256,#257,#258,#259,#260,#261,#262));
#1306=EDGE_LOOP('',(#263,#264,#265,#266,#267,#268));
#1307=EDGE_LOOP('',(#269,#270,#271,#272));
#1308=EDGE_LOOP('',(#273,#274,#275,#276));
#1309=EDGE_LOOP('',(#277,#278,#279,#280));
#1310=EDGE_LOOP('',(#281,#282,#283,#284,#285));
#1311=EDGE_LOOP('',(#286,#287,#288,#289));
#1312=EDGE_LOOP('',(#290,#291,#292,#293));
#1313=EDGE_LOOP('',(#294,#295,#296,#297));
#1314=EDGE_LOOP('',(#298,#299,#300,#301));
#1315=EDGE_LOOP('',(#302,#303,#304,#305));
#1316=EDGE_LOOP('',(#306,#307,#308,#309));
#1317=EDGE_LOOP('',(#310,#311,#312,#313));
#1318=EDGE_LOOP('',(#314,#315,#316,#317));
#1319=EDGE_LOOP('',(#318,#319,#320,#321));
#1320=EDGE_LOOP('',(#322,#323,#324,#325));
#1321=EDGE_LOOP('',(#326,#327,#328,#329));
#1322=EDGE_LOOP('',(#330,#331,#332,#333));
#1323=EDGE_LOOP('',(#334,#335,#336,#337));
#1324=EDGE_LOOP('',(#338,#339,#340,#341));
#1325=EDGE_LOOP('',(#342,#343,#344,#345));
#1326=EDGE_LOOP('',(#346,#347,#348,#349,#350,#351));
#1327=EDGE_LOOP('',(#352,#353,#354,#355));
#1328=EDGE_LOOP('',(#356,#357,#358,#359,#360,#361,#362,#363,#364));
#1329=EDGE_LOOP('',(#365,#366,#367,#368));
#1330=EDGE_LOOP('',(#369,#370,#371,#372,#373,#374));
#1331=EDGE_LOOP('',(#375,#376,#377,#378));
#1332=EDGE_LOOP('',(#379,#380,#381,#382,#383,#384,#385,#386));
#1333=EDGE_LOOP('',(#387,#388,#389,#390));
#1334=EDGE_LOOP('',(#391,#392,#393,#394,#395,#396));
#1335=EDGE_LOOP('',(#397,#398,#399,#400,#401,#402));
#1336=EDGE_LOOP('',(#403,#404,#405,#406));
#1337=EDGE_LOOP('',(#407,#408,#409,#410));
#1338=EDGE_LOOP('',(#411,#412,#413,#414));
#1339=EDGE_LOOP('',(#415,#416,#417,#418,#419,#420));
#1340=EDGE_LOOP('',(#421,#422,#423,#424));
#1341=EDGE_LOOP('',(#425,#426,#427,#428));
#1342=EDGE_LOOP('',(#429,#430,#431,#432));
#1343=EDGE_LOOP('',(#433,#434,#435,#436));
#1344=EDGE_LOOP('',(#437,#438,#439,#440));
#1345=EDGE_LOOP('',(#441,#442,#443,#444));
#1346=EDGE_LOOP('',(#445,#446,#447,#448));
#1347=EDGE_LOOP('',(#449,#450,#451,#452));
#1348=EDGE_LOOP('',(#453,#454,#455,#456));
#1349=EDGE_LOOP('',(#457,#458,#459,#460));
#1350=EDGE_LOOP('',(#461,#462,#463));
#1351=EDGE_LOOP('',(#464,#465,#466,#467));
#1352=EDGE_LOOP('',(#468,#469,#470));
#1353=EDGE_LOOP('',(#471,#472,#473,#474));
#1354=EDGE_LOOP('',(#475,#476,#477,#478));
#1355=EDGE_LOOP('',(#479,#480,#481,#482));
#1356=EDGE_LOOP('',(#483,#484,#485,#486));
#1357=EDGE_LOOP('',(#487,#488,#489,#490));
#1358=EDGE_LOOP('',(#491,#492,#493,#494));
#1359=EDGE_LOOP('',(#495,#496,#497,#498));
#1360=EDGE_LOOP('',(#499,#500,#501));
#1361=EDGE_LOOP('',(#502,#503,#504,#505));
#1362=EDGE_LOOP('',(#506,#507,#508));
#1363=EDGE_LOOP('',(#509,#510,#511,#512));
#1364=EDGE_LOOP('',(#513,#514,#515,#516));
#1365=EDGE_LOOP('',(#517,#518,#519,#520));
#1366=EDGE_LOOP('',(#521,#522,#523,#524));
#1367=EDGE_LOOP('',(#525,#526,#527,#528));
#1368=EDGE_LOOP('',(#529,#530,#531,#532));
#1369=EDGE_LOOP('',(#533,#534,#535,#536));
#1370=EDGE_LOOP('',(#537,#538,#539,#540));
#1371=EDGE_LOOP('',(#541,#542,#543,#544));
#1372=EDGE_LOOP('',(#545,#546,#547,#548));
#1373=EDGE_LOOP('',(#549,#550,#551,#552));
#1374=EDGE_LOOP('',(#553,#554,#555,#556));
#1375=EDGE_LOOP('',(#557,#558,#559,#560));
#1376=EDGE_LOOP('',(#561,#562,#563,#564));
#1377=EDGE_LOOP('',(#565,#566,#567,#568));
#1378=EDGE_LOOP('',(#569,#570,#571,#572));
#1379=EDGE_LOOP('',(#573,#574,#575,#576));
#1380=EDGE_LOOP('',(#577,#578,#579,#580));
#1381=EDGE_LOOP('',(#581,#582,#583,#584));
#1382=EDGE_LOOP('',(#585,#586,#587,#588));
#1383=EDGE_LOOP('',(#589,#590,#591,#592,#593,#594));
#1384=EDGE_LOOP('',(#595,#596,#597,#598));
#1385=EDGE_LOOP('',(#599,#600,#601,#602));
#1386=EDGE_LOOP('',(#603,#604,#605,#606,#607,#608));
#1387=EDGE_LOOP('',(#609,#610,#611,#612));
#1388=EDGE_LOOP('',(#613,#614,#615,#616));
#1389=FACE_BOUND('',#1293,.T.);
#1390=FACE_BOUND('',#1294,.T.);
#1391=FACE_BOUND('',#1295,.T.);
#1392=FACE_BOUND('',#1296,.T.);
#1393=FACE_BOUND('',#1297,.T.);
#1394=FACE_BOUND('',#1298,.T.);
#1395=FACE_BOUND('',#1299,.T.);
#1396=FACE_BOUND('',#1300,.T.);
#1397=FACE_BOUND('',#1301,.T.);
#1398=FACE_BOUND('',#1302,.T.);
#1399=FACE_BOUND('',#1303,.T.);
#1400=FACE_BOUND('',#1304,.T.);
#1401=FACE_BOUND('',#1305,.T.);
#1402=FACE_BOUND('',#1306,.T.);
#1403=FACE_BOUND('',#1307,.T.);
#1404=FACE_BOUND('',#1308,.T.);
#1405=FACE_BOUND('',#1309,.T.);
#1406=FACE_BOUND('',#1310,.T.);
#1407=FACE_BOUND('',#1311,.T.);
#1408=FACE_BOUND('',#1312,.T.);
#1409=FACE_BOUND('',#1313,.T.);
#1410=FACE_BOUND('',#1314,.T.);
#1411=FACE_BOUND('',#1315,.T.);
#1412=FACE_BOUND('',#1316,.T.);
#1413=FACE_BOUND('',#1317,.T.);
#1414=FACE_BOUND('',#1318,.T.);
#1415=FACE_BOUND('',#1319,.T.);
#1416=FACE_BOUND('',#1320,.T.);
#1417=FACE_BOUND('',#1321,.T.);
#1418=FACE_BOUND('',#1322,.T.);
#1419=FACE_BOUND('',#1323,.T.);
#1420=FACE_BOUND('',#1324,.T.);
#1421=FACE_BOUND('',#1325,.T.);
#1422=FACE_BOUND('',#1326,.T.);
#1423=FACE_BOUND('',#1327,.T.);
#1424=FACE_BOUND('',#1328,.T.);
#1425=FACE_BOUND('',#1329,.T.);
#1426=FACE_BOUND('',#1330,.T.);
#1427=FACE_BOUND('',#1331,.T.);
#1428=FACE_BOUND('',#1332,.T.);
#1429=FACE_BOUND('',#1333,.T.);
#1430=FACE_BOUND('',#1334,.T.);
#1431=FACE_BOUND('',#1335,.T.);
#1432=FACE_BOUND('',#1336,.T.);
#1433=FACE_BOUND('',#1337,.T.);
#1434=FACE_BOUND('',#1338,.T.);
#1435=FACE_BOUND('',#1339,.T.);
#1436=FACE_BOUND('',#1340,.T.);
#1437=FACE_BOUND('',#1341,.T.);
#1438=FACE_BOUND('',#1342,.T.);
#1439=FACE_BOUND('',#1343,.T.);
#1440=FACE_BOUND('',#1344,.T.);
#1441=FACE_BOUND('',#1345,.T.);
#1442=FACE_BOUND('',#1346,.T.);
#1443=FACE_BOUND('',#1347,.T.);
#1444=FACE_BOUND('',#1348,.T.);
#1445=FACE_BOUND('',#1349,.T.);
#1446=FACE_BOUND('',#1350,.T.);
#1447=FACE_BOUND('',#1351,.T.);
#1448=FACE_BOUND('',#1352,.T.);
#1449=FACE_BOUND('',#1353,.T.);
#1450=FACE_BOUND('',#1354,.T.);
#1451=FACE_BOUND('',#1355,.T.);
#1452=FACE_BOUND('',#1356,.T.);
#1453=FACE_BOUND('',#1357,.T.);
#1454=FACE_BOUND('',#1358,.T.);
#1455=FACE_BOUND('',#1359,.T.);
#1456=FACE_BOUND('',#1360,.T.);
#1457=FACE_BOUND('',#1361,.T.);
#1458=FACE_BOUND('',#1362,.T.);
#1459=FACE_BOUND('',#1363,.T.);
#1460=FACE_BOUND('',#1364,.T.);
#1461=FACE_BOUND('',#1365,.T.);
#1462=FACE_BOUND('',#1366,.T.);
#1463=FACE_BOUND('',#1367,.T.);
#1464=FACE_BOUND('',#1368,.T.);
#1465=FACE_BOUND('',#1369,.T.);
#1466=FACE_BOUND('',#1370,.T.);
#1467=FACE_BOUND('',#1371,.T.);
#1468=FACE_BOUND('',#1372,.T.);
#1469=FACE_BOUND('',#1373,.T.);
#1470=FACE_BOUND('',#1374,.T.);
#1471=FACE_BOUND('',#1375,.T.);
#1472=FACE_BOUND('',#1376,.T.);
#1473=FACE_BOUND('',#1377,.T.);
#1474=FACE_BOUND('',#1378,.T.);
#1475=FACE_BOUND('',#1379,.T.);
#1476=FACE_BOUND('',#1380,.T.);
#1477=FACE_BOUND('',#1381,.T.);
#1478=FACE_BOUND('',#1382,.T.);
#1479=FACE_BOUND('',#1383,.T.);
#1480=FACE_BOUND('',#1384,.T.);
#1481=FACE_BOUND('',#1385,.T.);
#1482=FACE_BOUND('',#1386,.T.);
#1483=FACE_BOUND('',#1387,.T.);
#1484=FACE_BOUND('',#1388,.T.);
#1485=PLANE('',#1636);
#1486=PLANE('',#1637);
#1487=PLANE('',#1638);
#1488=PLANE('',#1644);
#1489=PLANE('',#1646);
#1490=PLANE('',#1649);
#1491=PLANE('',#1654);
#1492=PLANE('',#1656);
#1493=PLANE('',#1659);
#1494=PLANE('',#1663);
#1495=PLANE('',#1666);
#1496=PLANE('',#1669);
#1497=PLANE('',#1672);
#1498=PLANE('',#1675);
#1499=PLANE('',#1677);
#1500=PLANE('',#1678);
#1501=PLANE('',#1681);
#1502=PLANE('',#1685);
#1503=PLANE('',#1686);
#1504=PLANE('',#1687);
#1505=PLANE('',#1688);
#1506=PLANE('',#1690);
#1507=PLANE('',#1696);
#1508=PLANE('',#1702);
#1509=PLANE('',#1706);
#1510=PLANE('',#1708);
#1511=PLANE('',#1711);
#1512=PLANE('',#1712);
#1513=PLANE('',#1713);
#1514=PLANE('',#1714);
#1515=PLANE('',#1717);
#1516=PLANE('',#1718);
#1517=PLANE('',#1719);
#1518=PLANE('',#1726);
#1519=PLANE('',#1727);
#1520=PLANE('',#1802);
#1521=PLANE('',#1803);
#1522=PLANE('',#1804);
#1523=PLANE('',#1805);
#1524=PLANE('',#1807);
#1525=PLANE('',#1808);
#1526=PLANE('',#1809);
#1527=ADVANCED_FACE('',(#1389),#1485,.F.);
#1528=ADVANCED_FACE('',(#1390),#1486,.F.);
#1529=ADVANCED_FACE('',(#1391),#1487,.T.);
#1530=ADVANCED_FACE('',(#1392),#1488,.F.);
#1531=ADVANCED_FACE('',(#1393),#1489,.T.);
#1532=ADVANCED_FACE('',(#1394),#1490,.T.);
#1533=ADVANCED_FACE('',(#1395),#40,.T.);
#1534=ADVANCED_FACE('',(#1396),#1491,.F.);
#1535=ADVANCED_FACE('',(#1397),#1492,.F.);
#1536=ADVANCED_FACE('',(#1398),#1493,.T.);
#1537=ADVANCED_FACE('',(#1399),#1494,.F.);
#1538=ADVANCED_FACE('',(#1400),#1495,.T.);
#1539=ADVANCED_FACE('',(#1401),#1496,.T.);
#1540=ADVANCED_FACE('',(#1402),#1497,.F.);
#1541=ADVANCED_FACE('',(#1403),#1498,.F.);
#1542=ADVANCED_FACE('',(#1404),#1499,.F.);
#1543=ADVANCED_FACE('',(#1405),#1500,.T.);
#1544=ADVANCED_FACE('',(#1406),#41,.T.);
#1545=ADVANCED_FACE('',(#1407),#1501,.F.);
#1546=ADVANCED_FACE('',(#1408),#42,.T.);
#1547=ADVANCED_FACE('',(#1409),#1502,.F.);
#1548=ADVANCED_FACE('',(#1410),#1503,.F.);
#1549=ADVANCED_FACE('',(#1411),#1504,.F.);
#1550=ADVANCED_FACE('',(#1412),#1505,.F.);
#1551=ADVANCED_FACE('',(#1413),#43,.T.);
#1552=ADVANCED_FACE('',(#1414),#1506,.T.);
#1553=ADVANCED_FACE('',(#1415),#44,.T.);
#1554=ADVANCED_FACE('',(#1416),#45,.T.);
#1555=ADVANCED_FACE('',(#1417),#1507,.F.);
#1556=ADVANCED_FACE('',(#1418),#46,.T.);
#1557=ADVANCED_FACE('',(#1419),#47,.T.);
#1558=ADVANCED_FACE('',(#1420),#1508,.F.);
#1559=ADVANCED_FACE('',(#1421),#48,.T.);
#1560=ADVANCED_FACE('',(#1422),#1509,.F.);
#1561=ADVANCED_FACE('',(#1423),#49,.T.);
#1562=ADVANCED_FACE('',(#1424),#1510,.F.);
#1563=ADVANCED_FACE('',(#1425),#1511,.T.);
#1564=ADVANCED_FACE('',(#1426),#1512,.F.);
#1565=ADVANCED_FACE('',(#1427),#1513,.T.);
#1566=ADVANCED_FACE('',(#1428),#1514,.F.);
#1567=ADVANCED_FACE('',(#1429),#1515,.F.);
#1568=ADVANCED_FACE('',(#1430),#1516,.F.);
#1569=ADVANCED_FACE('',(#1431),#1517,.F.);
#1570=ADVANCED_FACE('',(#1432),#50,.T.);
#1571=ADVANCED_FACE('',(#1433),#51,.T.);
#1572=ADVANCED_FACE('',(#1434),#1518,.T.);
#1573=ADVANCED_FACE('',(#1435),#1519,.F.);
#1574=ADVANCED_FACE('',(#1436),#52,.T.);
#1575=ADVANCED_FACE('',(#1437),#53,.T.);
#1576=ADVANCED_FACE('',(#1438),#54,.T.);
#1577=ADVANCED_FACE('',(#1439),#55,.T.);
#1578=ADVANCED_FACE('',(#1440),#56,.T.);
#1579=ADVANCED_FACE('',(#1441),#16,.T.);
#1580=ADVANCED_FACE('',(#1442),#57,.T.);
#1581=ADVANCED_FACE('',(#1443),#17,.T.);
#1582=ADVANCED_FACE('',(#1444),#58,.T.);
#1583=ADVANCED_FACE('',(#1445),#59,.T.);
#1584=ADVANCED_FACE('',(#1446),#14,.T.);
#1585=ADVANCED_FACE('',(#1447),#60,.T.);
#1586=ADVANCED_FACE('',(#1448),#12,.T.);
#1587=ADVANCED_FACE('',(#1449),#61,.T.);
#1588=ADVANCED_FACE('',(#1450),#62,.T.);
#1589=ADVANCED_FACE('',(#1451),#18,.T.);
#1590=ADVANCED_FACE('',(#1452),#63,.T.);
#1591=ADVANCED_FACE('',(#1453),#19,.T.);
#1592=ADVANCED_FACE('',(#1454),#64,.T.);
#1593=ADVANCED_FACE('',(#1455),#65,.T.);
#1594=ADVANCED_FACE('',(#1456),#15,.T.);
#1595=ADVANCED_FACE('',(#1457),#66,.T.);
#1596=ADVANCED_FACE('',(#1458),#13,.T.);
#1597=ADVANCED_FACE('',(#1459),#67,.T.);
#1598=ADVANCED_FACE('',(#1460),#20,.T.);
#1599=ADVANCED_FACE('',(#1461),#68,.T.);
#1600=ADVANCED_FACE('',(#1462),#21,.T.);
#1601=ADVANCED_FACE('',(#1463),#69,.T.);
#1602=ADVANCED_FACE('',(#1464),#70,.T.);
#1603=ADVANCED_FACE('',(#1465),#22,.T.);
#1604=ADVANCED_FACE('',(#1466),#71,.T.);
#1605=ADVANCED_FACE('',(#1467),#72,.T.);
#1606=ADVANCED_FACE('',(#1468),#23,.T.);
#1607=ADVANCED_FACE('',(#1469),#73,.T.);
#1608=ADVANCED_FACE('',(#1470),#24,.T.);
#1609=ADVANCED_FACE('',(#1471),#74,.T.);
#1610=ADVANCED_FACE('',(#1472),#75,.T.);
#1611=ADVANCED_FACE('',(#1473),#25,.T.);
#1612=ADVANCED_FACE('',(#1474),#76,.T.);
#1613=ADVANCED_FACE('',(#1475),#77,.T.);
#1614=ADVANCED_FACE('',(#1476),#1520,.F.);
#1615=ADVANCED_FACE('',(#1477),#1521,.T.);
#1616=ADVANCED_FACE('',(#1478),#1522,.T.);
#1617=ADVANCED_FACE('',(#1479),#1523,.T.);
#1618=ADVANCED_FACE('',(#1480),#1524,.T.);
#1619=ADVANCED_FACE('',(#1481),#1525,.F.);
#1620=ADVANCED_FACE('',(#1482),#1526,.F.);
#1621=ADVANCED_FACE('',(#1483),#78,.F.);
#1622=ADVANCED_FACE('',(#1484),#79,.F.);
#1623=CLOSED_SHELL('',(#1527,#1528,#1529,#1530,#1531,#1532,#1533,#1534,
#1535,#1536,#1537,#1538,#1539,#1540,#1541,#1542,#1543,#1544,#1545,#1546,
#1547,#1548,#1549,#1550,#1551,#1552,#1553,#1554,#1555,#1556,#1557,#1558,
#1559,#1560,#1561,#1562,#1563,#1564,#1565,#1566,#1567,#1568,#1569,#1570,
#1571,#1572,#1573,#1574,#1575,#1576,#1577,#1578,#1579,#1580,#1581,#1582,
#1583,#1584,#1585,#1586,#1587,#1588,#1589,#1590,#1591,#1592,#1593,#1594,
#1595,#1596,#1597,#1598,#1599,#1600,#1601,#1602,#1603,#1604,#1605,#1606,
#1607,#1608,#1609,#1610,#1611,#1612,#1613,#1614,#1615,#1616,#1617,#1618,
#1619,#1620,#1621,#1622));
#1624=STYLED_ITEM('',(#1625),#1632);
#1625=PRESENTATION_STYLE_ASSIGNMENT((#1626));
#1626=SURFACE_STYLE_USAGE(.BOTH.,#1627);
#1627=SURFACE_SIDE_STYLE('',(#1628));
#1628=SURFACE_STYLE_FILL_AREA(#1629);
#1629=FILL_AREA_STYLE('',(#1630));
#1630=FILL_AREA_STYLE_COLOUR('',#1631);
#1631=COLOUR_RGB('',0.874509803921569,0.447058823529412,0.31764705882353);
#1632=MANIFOLD_SOLID_BREP('Part 1',#1623);
#1633=SHAPE_DEFINITION_REPRESENTATION(#2837,#1634);
#1634=SHAPE_REPRESENTATION('Part 1',(#1635),#2832);
#1635=AXIS2_PLACEMENT_3D('',#2320,#1813,#1814);
#1636=AXIS2_PLACEMENT_3D('',#2321,#1815,#1816);
#1637=AXIS2_PLACEMENT_3D('',#2330,#1821,#1822);
#1638=AXIS2_PLACEMENT_3D('',#2336,#1826,#1827);
#1639=AXIS2_PLACEMENT_3D('',#2348,#1833,#1834);
#1640=AXIS2_PLACEMENT_3D('',#2367,#1844,#1845);
#1641=AXIS2_PLACEMENT_3D('',#2371,#1847,#1848);
#1642=AXIS2_PLACEMENT_3D('',#2383,#1854,#1855);
#1643=AXIS2_PLACEMENT_3D('',#2387,#1857,#1858);
#1644=AXIS2_PLACEMENT_3D('',#2394,#1862,#1863);
#1645=AXIS2_PLACEMENT_3D('',#2397,#1865,#1866);
#1646=AXIS2_PLACEMENT_3D('',#2404,#1870,#1871);
#1647=AXIS2_PLACEMENT_3D('',#2409,#1874,#1875);
#1648=AXIS2_PLACEMENT_3D('',#2413,#1877,#1878);
#1649=AXIS2_PLACEMENT_3D('',#2419,#1882,#1883);
#1650=AXIS2_PLACEMENT_3D('',#2429,#1889,#1890);
#1651=AXIS2_PLACEMENT_3D('',#2433,#1892,#1893);
#1652=AXIS2_PLACEMENT_3D('',#2434,#1894,#1895);
#1653=AXIS2_PLACEMENT_3D('',#2437,#1897,#1898);
#1654=AXIS2_PLACEMENT_3D('',#2438,#1899,#1900);
#1655=AXIS2_PLACEMENT_3D('',#2450,#1906,#1907);
#1656=AXIS2_PLACEMENT_3D('',#2453,#1909,#1910);
#1657=AXIS2_PLACEMENT_3D('',#2454,#1911,#1912);
#1658=AXIS2_PLACEMENT_3D('',#2469,#1919,#1920);
#1659=AXIS2_PLACEMENT_3D('',#2474,#1923,#1924);
#1660=AXIS2_PLACEMENT_3D('',#2480,#1927,#1928);
#1661=AXIS2_PLACEMENT_3D('',#2486,#1931,#1932);
#1662=AXIS2_PLACEMENT_3D('',#2492,#1935,#1936);
#1663=AXIS2_PLACEMENT_3D('',#2509,#1945,#1946);
#1664=AXIS2_PLACEMENT_3D('',#2510,#1947,#1948);
#1665=AXIS2_PLACEMENT_3D('',#2512,#1949,#1950);
#1666=AXIS2_PLACEMENT_3D('',#2513,#1951,#1952);
#1667=AXIS2_PLACEMENT_3D('',#2514,#1953,#1954);
#1668=AXIS2_PLACEMENT_3D('',#2516,#1955,#1956);
#1669=AXIS2_PLACEMENT_3D('',#2517,#1957,#1958);
#1670=AXIS2_PLACEMENT_3D('',#2523,#1962,#1963);
#1671=AXIS2_PLACEMENT_3D('',#2529,#1967,#1968);
#1672=AXIS2_PLACEMENT_3D('',#2530,#1969,#1970);
#1673=AXIS2_PLACEMENT_3D('',#2534,#1972,#1973);
#1674=AXIS2_PLACEMENT_3D('',#2536,#1975,#1976);
#1675=AXIS2_PLACEMENT_3D('',#2537,#1977,#1978);
#1676=AXIS2_PLACEMENT_3D('',#2539,#1980,#1981);
#1677=AXIS2_PLACEMENT_3D('',#2540,#1982,#1983);
#1678=AXIS2_PLACEMENT_3D('',#2543,#1986,#1987);
#1679=AXIS2_PLACEMENT_3D('',#2549,#1991,#1992);
#1680=AXIS2_PLACEMENT_3D('',#2550,#1993,#1994);
#1681=AXIS2_PLACEMENT_3D('',#2552,#1996,#1997);
#1682=AXIS2_PLACEMENT_3D('',#2554,#1999,#2000);
#1683=AXIS2_PLACEMENT_3D('',#2555,#2001,#2002);
#1684=AXIS2_PLACEMENT_3D('',#2556,#2003,#2004);
#1685=AXIS2_PLACEMENT_3D('',#2557,#2005,#2006);
#1686=AXIS2_PLACEMENT_3D('',#2559,#2008,#2009);
#1687=AXIS2_PLACEMENT_3D('',#2560,#2010,#2011);
#1688=AXIS2_PLACEMENT_3D('',#2562,#2013,#2014);
#1689=AXIS2_PLACEMENT_3D('',#2563,#2015,#2016);
#1690=AXIS2_PLACEMENT_3D('',#2564,#2017,#2018);
#1691=AXIS2_PLACEMENT_3D('',#2568,#2021,#2022);
#1692=AXIS2_PLACEMENT_3D('',#2569,#2023,#2024);
#1693=AXIS2_PLACEMENT_3D('',#2573,#2026,#2027);
#1694=AXIS2_PLACEMENT_3D('',#2574,#2028,#2029);
#1695=AXIS2_PLACEMENT_3D('',#2577,#2031,#2032);
#1696=AXIS2_PLACEMENT_3D('',#2578,#2033,#2034);
#1697=AXIS2_PLACEMENT_3D('',#2584,#2038,#2039);
#1698=AXIS2_PLACEMENT_3D('',#2586,#2041,#2042);
#1699=AXIS2_PLACEMENT_3D('',#2587,#2043,#2044);
#1700=AXIS2_PLACEMENT_3D('',#2591,#2046,#2047);
#1701=AXIS2_PLACEMENT_3D('',#2595,#2049,#2050);
#1702=AXIS2_PLACEMENT_3D('',#2596,#2051,#2052);
#1703=AXIS2_PLACEMENT_3D('',#2602,#2056,#2057);
#1704=AXIS2_PLACEMENT_3D('',#2603,#2058,#2059);
#1705=AXIS2_PLACEMENT_3D('',#2607,#2061,#2062);
#1706=AXIS2_PLACEMENT_3D('',#2608,#2063,#2064);
#1707=AXIS2_PLACEMENT_3D('',#2615,#2069,#2070);
#1708=AXIS2_PLACEMENT_3D('',#2616,#2071,#2072);
#1709=AXIS2_PLACEMENT_3D('',#2621,#2075,#2076);
#1710=AXIS2_PLACEMENT_3D('',#2625,#2078,#2079);
#1711=AXIS2_PLACEMENT_3D('',#2628,#2081,#2082);
#1712=AXIS2_PLACEMENT_3D('',#2631,#2085,#2086);
#1713=AXIS2_PLACEMENT_3D('',#2635,#2089,#2090);
#1714=AXIS2_PLACEMENT_3D('',#2641,#2094,#2095);
#1715=AXIS2_PLACEMENT_3D('',#2646,#2098,#2099);
#1716=AXIS2_PLACEMENT_3D('',#2650,#2101,#2102);
#1717=AXIS2_PLACEMENT_3D('',#2653,#2104,#2105);
#1718=AXIS2_PLACEMENT_3D('',#2662,#2110,#2111);
#1719=AXIS2_PLACEMENT_3D('',#2672,#2117,#2118);
#1720=AXIS2_PLACEMENT_3D('',#2680,#2123,#2124);
#1721=AXIS2_PLACEMENT_3D('',#2681,#2125,#2126);
#1722=AXIS2_PLACEMENT_3D('',#2682,#2127,#2128);
#1723=AXIS2_PLACEMENT_3D('',#2683,#2129,#2130);
#1724=AXIS2_PLACEMENT_3D('',#2684,#2131,#2132);
#1725=AXIS2_PLACEMENT_3D('',#2685,#2133,#2134);
#1726=AXIS2_PLACEMENT_3D('',#2686,#2135,#2136);
#1727=AXIS2_PLACEMENT_3D('',#2692,#2140,#2141);
#1728=AXIS2_PLACEMENT_3D('',#2693,#2142,#2143);
#1729=AXIS2_PLACEMENT_3D('',#2697,#2146,#2147);
#1730=AXIS2_PLACEMENT_3D('',#2698,#2148,#2149);
#1731=AXIS2_PLACEMENT_3D('',#2699,#2150,#2151);
#1732=AXIS2_PLACEMENT_3D('',#2700,#2152,#2153);
#1733=AXIS2_PLACEMENT_3D('',#2701,#2154,#2155);
#1734=AXIS2_PLACEMENT_3D('',#2702,#2156,#2157);
#1735=AXIS2_PLACEMENT_3D('',#2703,#2158,#2159);
#1736=AXIS2_PLACEMENT_3D('',#2704,#2160,#2161);
#1737=AXIS2_PLACEMENT_3D('',#2705,#2162,#2163);
#1738=AXIS2_PLACEMENT_3D('',#2706,#2164,#2165);
#1739=AXIS2_PLACEMENT_3D('',#2707,#2166,#2167);
#1740=AXIS2_PLACEMENT_3D('',#2708,#2168,#2169);
#1741=AXIS2_PLACEMENT_3D('',#2709,#2170,#2171);
#1742=AXIS2_PLACEMENT_3D('',#2710,#2172,#2173);
#1743=AXIS2_PLACEMENT_3D('',#2711,#2174,#2175);
#1744=AXIS2_PLACEMENT_3D('',#2712,#2176,#2177);
#1745=AXIS2_PLACEMENT_3D('',#2713,#2178,#2179);
#1746=AXIS2_PLACEMENT_3D('',#2714,#2180,#2181);
#1747=AXIS2_PLACEMENT_3D('',#2715,#2182,#2183);
#1748=AXIS2_PLACEMENT_3D('',#2716,#2184,#2185);
#1749=AXIS2_PLACEMENT_3D('',#2717,#2186,#2187);
#1750=AXIS2_PLACEMENT_3D('',#2718,#2188,#2189);
#1751=AXIS2_PLACEMENT_3D('',#2719,#2190,#2191);
#1752=AXIS2_PLACEMENT_3D('',#2720,#2192,#2193);
#1753=AXIS2_PLACEMENT_3D('',#2742,#2194,#2195);
#1754=AXIS2_PLACEMENT_3D('',#2743,#2196,#2197);
#1755=AXIS2_PLACEMENT_3D('',#2744,#2198,#2199);
#1756=AXIS2_PLACEMENT_3D('',#2745,#2200,#2201);
#1757=AXIS2_PLACEMENT_3D('',#2746,#2202,#2203);
#1758=AXIS2_PLACEMENT_3D('',#2747,#2204,#2205);
#1759=AXIS2_PLACEMENT_3D('',#2748,#2206,#2207);
#1760=AXIS2_PLACEMENT_3D('',#2749,#2208,#2209);
#1761=AXIS2_PLACEMENT_3D('',#2750,#2210,#2211);
#1762=AXIS2_PLACEMENT_3D('',#2751,#2212,#2213);
#1763=AXIS2_PLACEMENT_3D('',#2752,#2214,#2215);
#1764=AXIS2_PLACEMENT_3D('',#2753,#2216,#2217);
#1765=AXIS2_PLACEMENT_3D('',#2754,#2218,#2219);
#1766=AXIS2_PLACEMENT_3D('',#2755,#2220,#2221);
#1767=AXIS2_PLACEMENT_3D('',#2756,#2222,#2223);
#1768=AXIS2_PLACEMENT_3D('',#2757,#2224,#2225);
#1769=AXIS2_PLACEMENT_3D('',#2758,#2226,#2227);
#1770=AXIS2_PLACEMENT_3D('',#2759,#2228,#2229);
#1771=AXIS2_PLACEMENT_3D('',#2781,#2230,#2231);
#1772=AXIS2_PLACEMENT_3D('',#2782,#2232,#2233);
#1773=AXIS2_PLACEMENT_3D('',#2783,#2234,#2235);
#1774=AXIS2_PLACEMENT_3D('',#2784,#2236,#2237);
#1775=AXIS2_PLACEMENT_3D('',#2785,#2238,#2239);
#1776=AXIS2_PLACEMENT_3D('',#2786,#2240,#2241);
#1777=AXIS2_PLACEMENT_3D('',#2787,#2242,#2243);
#1778=AXIS2_PLACEMENT_3D('',#2788,#2244,#2245);
#1779=AXIS2_PLACEMENT_3D('',#2789,#2246,#2247);
#1780=AXIS2_PLACEMENT_3D('',#2790,#2248,#2249);
#1781=AXIS2_PLACEMENT_3D('',#2791,#2250,#2251);
#1782=AXIS2_PLACEMENT_3D('',#2792,#2252,#2253);
#1783=AXIS2_PLACEMENT_3D('',#2793,#2254,#2255);
#1784=AXIS2_PLACEMENT_3D('',#2794,#2256,#2257);
#1785=AXIS2_PLACEMENT_3D('',#2795,#2258,#2259);
#1786=AXIS2_PLACEMENT_3D('',#2796,#2260,#2261);
#1787=AXIS2_PLACEMENT_3D('',#2797,#2262,#2263);
#1788=AXIS2_PLACEMENT_3D('',#2798,#2264,#2265);
#1789=AXIS2_PLACEMENT_3D('',#2799,#2266,#2267);
#1790=AXIS2_PLACEMENT_3D('',#2800,#2268,#2269);
#1791=AXIS2_PLACEMENT_3D('',#2801,#2270,#2271);
#1792=AXIS2_PLACEMENT_3D('',#2802,#2272,#2273);
#1793=AXIS2_PLACEMENT_3D('',#2803,#2274,#2275);
#1794=AXIS2_PLACEMENT_3D('',#2804,#2276,#2277);
#1795=AXIS2_PLACEMENT_3D('',#2805,#2278,#2279);
#1796=AXIS2_PLACEMENT_3D('',#2806,#2280,#2281);
#1797=AXIS2_PLACEMENT_3D('',#2807,#2282,#2283);
#1798=AXIS2_PLACEMENT_3D('',#2808,#2284,#2285);
#1799=AXIS2_PLACEMENT_3D('',#2809,#2286,#2287);
#1800=AXIS2_PLACEMENT_3D('',#2810,#2288,#2289);
#1801=AXIS2_PLACEMENT_3D('',#2811,#2290,#2291);
#1802=AXIS2_PLACEMENT_3D('',#2812,#2292,#2293);
#1803=AXIS2_PLACEMENT_3D('',#2814,#2295,#2296);
#1804=AXIS2_PLACEMENT_3D('',#2815,#2297,#2298);
#1805=AXIS2_PLACEMENT_3D('',#2817,#2300,#2301);
#1806=AXIS2_PLACEMENT_3D('',#2820,#2303,#2304);
#1807=AXIS2_PLACEMENT_3D('',#2821,#2305,#2306);
#1808=AXIS2_PLACEMENT_3D('',#2823,#2308,#2309);
#1809=AXIS2_PLACEMENT_3D('',#2827,#2312,#2313);
#1810=AXIS2_PLACEMENT_3D('',#2828,#2314,#2315);
#1811=AXIS2_PLACEMENT_3D('',#2829,#2316,#2317);
#1812=AXIS2_PLACEMENT_3D('',#2830,#2318,#2319);
#1813=DIRECTION('',(0.,0.,1.));
#1814=DIRECTION('',(1.,0.,0.));
#1815=DIRECTION('',(-0.608761429008721,-0.793353340291235,4.85788814390261E-17));
#1816=DIRECTION('',(-0.793353340291235,0.608761429008721,-3.72758867739949E-17));
#1817=DIRECTION('',(0.,0.,-1.));
#1818=DIRECTION('',(-0.793353340291235,0.608761429008721,-8.09000890262137E-33));
#1819=DIRECTION('',(-2.95729492844667E-17,-3.85402178572632E-17,-1.));
#1820=DIRECTION('',(-0.793353340291235,0.608761429008721,-3.72758867739949E-17));
#1821=DIRECTION('',(2.95729492844667E-17,3.85402178572633E-17,1.));
#1822=DIRECTION('',(0.,-1.,3.85402178572633E-17));
#1823=DIRECTION('',(-0.608761429008721,-0.793353340291235,4.85788814390261E-17));
#1824=DIRECTION('',(-0.793353340291235,0.608761429008721,-6.16297582203916E-33));
#1825=DIRECTION('',(-0.608761429008721,-0.793353340291235,4.85788814390261E-17));
#1826=DIRECTION('',(0.,0.,1.));
#1827=DIRECTION('',(0.,-1.,0.));
#1828=DIRECTION('',(0.608761429008721,-0.793353340291235,0.));
#1829=DIRECTION('',(-0.793353340291235,-0.608761429008721,0.));
#1830=DIRECTION('',(0.608761429008721,-0.793353340291235,0.));
#1831=DIRECTION('',(-0.793353340291235,-0.608761429008721,3.72758867739949E-17));
#1832=DIRECTION('',(-1.,0.,0.));
#1833=DIRECTION('',(1.,0.,4.33680868994202E-17));
#1834=DIRECTION('',(4.33680868994202E-17,0.,-1.));
#1835=DIRECTION('',(-1.,0.,0.));
#1836=DIRECTION('',(0.,-1.,0.));
#1837=DIRECTION('',(-1.,0.,0.));
#1838=DIRECTION('',(-0.793353340291235,0.608761429008721,-3.72758867739949E-17));
#1839=DIRECTION('',(-0.608761429008721,-0.793353340291235,0.));
#1840=DIRECTION('',(0.793353340291234,-0.608761429008722,0.));
#1841=DIRECTION('',(-0.608761429008721,-0.793353340291235,0.));
#1842=DIRECTION('',(0.608761429008721,0.793353340291235,0.));
#1843=DIRECTION('',(0.608761429008721,0.793353340291235,0.));
#1844=DIRECTION('',(0.,0.,1.));
#1845=DIRECTION('',(0.,-1.,0.));
#1846=DIRECTION('',(-0.793353340291235,0.608761429008721,0.));
#1847=DIRECTION('',(0.,0.,1.));
#1848=DIRECTION('',(0.,-1.,0.));
#1849=DIRECTION('',(1.,0.,0.));
#1850=DIRECTION('',(0.,-1.,0.));
#1851=DIRECTION('',(-1.,0.,0.));
#1852=DIRECTION('',(0.,-1.,0.));
#1853=DIRECTION('',(1.,0.,0.));
#1854=DIRECTION('',(0.,0.,1.));
#1855=DIRECTION('',(0.,-1.,0.));
#1856=DIRECTION('',(0.793353340291235,0.608761429008721,0.));
#1857=DIRECTION('',(0.,0.,1.));
#1858=DIRECTION('',(0.,-1.,0.));
#1859=DIRECTION('',(-0.608761429008721,0.793353340291235,0.));
#1860=DIRECTION('',(0.608761429008721,-0.793353340291235,4.85788814390261E-17));
#1861=DIRECTION('',(0.793353340291235,0.608761429008721,-3.72758867739949E-17));
#1862=DIRECTION('',(-0.793353340291235,-0.608761429008721,3.72758867739949E-17));
#1863=DIRECTION('',(0.608761429008721,-0.793353340291235,4.85788814390261E-17));
#1864=DIRECTION('',(0.,0.,-1.));
#1865=DIRECTION('',(-0.793353340291235,-0.608761429008721,3.72758867739949E-17));
#1866=DIRECTION('',(-0.608761429008721,0.793353340291235,0.));
#1867=DIRECTION('',(-3.75178196837075E-33,6.12323399573677E-17,1.));
#1868=DIRECTION('',(0.608761429008721,-0.793353340291235,4.85788814390261E-17));
#1869=DIRECTION('',(0.,6.12323399573677E-17,1.));
#1870=DIRECTION('',(-0.608761429008721,0.793353340291235,-4.85788814390261E-17));
#1871=DIRECTION('',(0.793353340291235,0.608761429008721,-3.72758867739949E-17));
#1872=DIRECTION('',(0.793353340291235,0.608761429008721,-6.16297582203916E-33));
#1873=DIRECTION('',(2.95729492844667E-17,-3.85402178572632E-17,-1.));
#1874=DIRECTION('',(-0.608761429008721,0.793353340291235,-4.85788814390261E-17));
#1875=DIRECTION('',(0.793353340291235,0.608761429008721,0.));
#1876=DIRECTION('',(-3.75178196837075E-33,6.12323399573677E-17,1.));
#1877=DIRECTION('',(-0.608761429008721,0.793353340291235,-4.85788814390261E-17));
#1878=DIRECTION('',(0.793353340291235,0.608761429008721,0.));
#1879=DIRECTION('',(0.793353340291235,0.608761429008721,-3.72758867739949E-17));
#1880=DIRECTION('',(0.793353340291235,0.608761429008721,-1.84889274661175E-32));
#1881=DIRECTION('',(-2.95729492844667E-17,3.85402178572632E-17,1.));
#1882=DIRECTION('',(0.608761429008721,0.793353340291235,-4.85788814390261E-17));
#1883=DIRECTION('',(-0.793353340291235,0.608761429008721,-3.72758867739949E-17));
#1884=DIRECTION('',(-2.95729492844667E-17,-3.85402178572632E-17,-1.));
#1885=DIRECTION('',(-2.95729492844667E-17,-3.85402178572632E-17,-1.));
#1886=DIRECTION('',(0.793353340291234,-0.608761429008722,7.08742219534503E-32));
#1887=DIRECTION('',(3.75178196837075E-33,6.12323399573677E-17,1.));
#1888=DIRECTION('',(-0.793353340291235,0.608761429008721,-3.72758867739949E-17));
#1889=DIRECTION('',(0.608761429008721,0.793353340291235,-4.85788814390261E-17));
#1890=DIRECTION('',(0.793353340291235,-0.608761429008721,0.));
#1891=DIRECTION('',(3.75178196837075E-33,6.12323399573677E-17,1.));
#1892=DIRECTION('',(0.608761429008721,0.793353340291235,-4.85788814390261E-17));
#1893=DIRECTION('',(0.793353340291235,-0.608761429008721,0.));
#1894=DIRECTION('',(-0.608761429008721,-0.793353340291235,0.));
#1895=DIRECTION('',(-0.793353340291235,0.608761429008721,0.));
#1896=DIRECTION('',(0.608761429008721,0.793353340291235,0.));
#1897=DIRECTION('',(0.608761429008719,0.793353340291237,0.));
#1898=DIRECTION('',(0.793353340291237,-0.608761429008719,0.));
#1899=DIRECTION('',(1.,0.,4.33680868994202E-17));
#1900=DIRECTION('',(4.33680868994202E-17,0.,-1.));
#1901=DIRECTION('',(-2.65552944032596E-33,-1.,6.12323399573677E-17));
#1902=DIRECTION('',(-4.33680868994202E-17,0.,1.));
#1903=DIRECTION('',(0.,-1.,0.));
#1904=DIRECTION('',(3.46944695195361E-17,0.6,-0.8));
#1905=DIRECTION('',(0.,-1.,0.));
#1906=DIRECTION('',(1.,0.,4.33680868994202E-17));
#1907=DIRECTION('',(4.33680868994202E-17,0.,-1.));
#1908=DIRECTION('',(-4.33680868994202E-17,0.,1.));
#1909=DIRECTION('',(1.,0.,4.33680868994202E-17));
#1910=DIRECTION('',(4.33680868994202E-17,0.,-1.));
#1911=DIRECTION('',(1.,0.,4.33680868994202E-17));
#1912=DIRECTION('',(4.33680868994202E-17,0.,-1.));
#1913=DIRECTION('',(-4.33680868994202E-17,0.,1.));
#1914=DIRECTION('',(0.,-1.,0.));
#1915=DIRECTION('',(-4.21866347126439E-17,0.231824750997282,0.972757567344016));
#1916=DIRECTION('',(-4.21866347126439E-17,-0.231824750997282,0.972757567344016));
#1917=DIRECTION('',(-4.33680868994202E-17,0.,1.));
#1918=DIRECTION('',(0.,1.,0.));
#1919=DIRECTION('',(1.,0.,4.33680868994202E-17));
#1920=DIRECTION('',(4.33680868994202E-17,0.,-1.));
#1921=DIRECTION('',(-4.33680868994202E-17,6.12323399573677E-17,1.));
#1922=DIRECTION('',(0.,-1.,0.));
#1923=DIRECTION('',(1.,0.,4.33680868994202E-17));
#1924=DIRECTION('',(4.33680868994202E-17,0.,-1.));
#1925=DIRECTION('',(0.,-1.,0.));
#1926=DIRECTION('',(-4.33680868994202E-17,0.,1.));
#1927=DIRECTION('',(1.,0.,4.33680868994202E-17));
#1928=DIRECTION('',(4.33680868994202E-17,0.,-1.));
#1929=DIRECTION('',(0.,-1.,0.));
#1930=DIRECTION('',(-4.33680868994202E-17,6.12323399573677E-17,1.));
#1931=DIRECTION('',(1.,0.,4.33680868994202E-17));
#1932=DIRECTION('',(4.33680868994202E-17,0.,-1.));
#1933=DIRECTION('',(-2.65552944032596E-33,-1.,6.12323399573677E-17));
#1934=DIRECTION('',(-4.33680868994202E-17,0.,1.));
#1935=DIRECTION('',(1.,0.,4.33680868994202E-17));
#1936=DIRECTION('',(4.33680868994202E-17,0.,-1.));
#1937=DIRECTION('',(0.,-1.,0.));
#1938=DIRECTION('',(3.46944695195361E-17,0.6,-0.8));
#1939=DIRECTION('',(0.,-1.,0.));
#1940=DIRECTION('',(-4.33680868994202E-17,0.,1.));
#1941=DIRECTION('',(0.,1.,0.));
#1942=DIRECTION('',(-4.33680868994202E-17,0.,1.));
#1943=DIRECTION('',(-4.21866347126439E-17,-0.231824750997282,0.972757567344016));
#1944=DIRECTION('',(-4.21866347126439E-17,0.231824750997282,0.972757567344016));
#1945=DIRECTION('',(1.,0.,4.33680868994202E-17));
#1946=DIRECTION('',(4.33680868994202E-17,0.,-1.));
#1947=DIRECTION('',(1.,0.,4.33680868994202E-17));
#1948=DIRECTION('',(4.33680868994202E-17,0.,-1.));
#1949=DIRECTION('',(1.,0.,4.33680868994202E-17));
#1950=DIRECTION('',(4.33680868994202E-17,0.,-1.));
#1951=DIRECTION('',(1.,0.,4.33680868994202E-17));
#1952=DIRECTION('',(4.33680868994202E-17,0.,-1.));
#1953=DIRECTION('',(1.,0.,4.33680868994202E-17));
#1954=DIRECTION('',(4.33680868994202E-17,0.,-1.));
#1955=DIRECTION('',(1.,0.,4.33680868994202E-17));
#1956=DIRECTION('',(4.33680868994202E-17,0.,-1.));
#1957=DIRECTION('',(0.,-1.,0.));
#1958=DIRECTION('',(1.,0.,0.));
#1959=DIRECTION('',(7.97995390708799E-17,0.,1.));
#1960=DIRECTION('',(-1.,0.,0.));
#1961=DIRECTION('',(-7.97995390708799E-17,0.,1.));
#1962=DIRECTION('',(0.,-1.,0.));
#1963=DIRECTION('',(-1.,0.,4.69852269863907E-17));
#1964=DIRECTION('',(-1.,0.,0.));
#1965=DIRECTION('',(1.,0.,0.));
#1966=DIRECTION('',(-1.,0.,0.));
#1967=DIRECTION('',(0.,-1.,0.));
#1968=DIRECTION('',(1.,0.,4.69852269863907E-17));
#1969=DIRECTION('',(0.,0.,1.));
#1970=DIRECTION('',(0.,-1.,0.));
#1971=DIRECTION('',(-1.,0.,0.));
#1972=DIRECTION('',(0.,0.,1.));
#1973=DIRECTION('',(0.,-1.,0.));
#1974=DIRECTION('',(1.,0.,4.33680868994202E-17));
#1975=DIRECTION('',(0.,0.,1.));
#1976=DIRECTION('',(0.,-1.,0.));
#1977=DIRECTION('',(0.,1.,0.));
#1978=DIRECTION('',(1.,0.,0.));
#1979=DIRECTION('',(1.,0.,4.33680868994202E-17));
#1980=DIRECTION('',(0.,-1.,0.));
#1981=DIRECTION('',(-1.,0.,0.));
#1982=DIRECTION('',(0.,0.,1.));
#1983=DIRECTION('',(0.,-1.,0.));
#1984=DIRECTION('',(1.,0.,0.));
#1985=DIRECTION('',(1.,0.,4.33680868994202E-17));
#1986=DIRECTION('',(0.,1.,0.));
#1987=DIRECTION('',(1.,0.,0.));
#1988=DIRECTION('',(-1.,0.,0.));
#1989=DIRECTION('',(-4.33680868994202E-17,0.,1.));
#1990=DIRECTION('',(-4.33680868994202E-17,0.,1.));
#1991=DIRECTION('',(0.,1.,0.));
#1992=DIRECTION('',(1.,0.,0.));
#1993=DIRECTION('',(0.,-1.,0.));
#1994=DIRECTION('',(-1.,0.,0.));
#1995=DIRECTION('',(0.,1.,0.));
#1996=DIRECTION('',(0.,-1.,0.));
#1997=DIRECTION('',(1.,0.,0.));
#1998=DIRECTION('',(-1.,0.,-4.33680868994202E-17));
#1999=DIRECTION('',(-1.,0.,0.));
#2000=DIRECTION('',(0.,1.,0.));
#2001=DIRECTION('',(1.,0.,4.33680868994202E-17));
#2002=DIRECTION('',(4.33680868994202E-17,0.,-1.));
#2003=DIRECTION('',(1.,0.,4.33680868994202E-17));
#2004=DIRECTION('',(4.33680868994202E-17,0.,-1.));
#2005=DIRECTION('',(-4.33680868994202E-17,0.,1.));
#2006=DIRECTION('',(1.,0.,4.33680868994202E-17));
#2007=DIRECTION('',(1.,0.,4.33680868994202E-17));
#2008=DIRECTION('',(2.60208521396522E-17,-0.8,-0.6));
#2009=DIRECTION('',(0.,0.6,-0.8));
#2010=DIRECTION('',(1.00537959466866E-17,0.972757567344016,-0.231824750997282));
#2011=DIRECTION('',(0.,0.231824750997282,0.972757567344016));
#2012=DIRECTION('',(1.,0.,4.33680868994202E-17));
#2013=DIRECTION('',(-1.00537959466866E-17,0.972757567344016,0.231824750997282));
#2014=DIRECTION('',(0.,-0.231824750997282,0.972757567344016));
#2015=DIRECTION('',(-1.,0.,0.));
#2016=DIRECTION('',(0.,1.,0.));
#2017=DIRECTION('',(0.,6.12323399573677E-17,1.));
#2018=DIRECTION('',(1.,0.,0.));
#2019=DIRECTION('',(-0.608761429008721,0.793353340291235,-4.85788814390261E-17));
#2020=DIRECTION('',(-0.793353340291235,-0.608761429008721,3.72758867739949E-17));
#2021=DIRECTION('',(0.793353340291235,0.608761429008721,-3.72758867739949E-17));
#2022=DIRECTION('',(-0.608761429008721,0.793353340291235,-4.85788814390261E-17));
#2023=DIRECTION('',(0.793353340291235,0.608761429008721,0.));
#2024=DIRECTION('',(0.608761429008721,-0.793353340291235,0.));
#2025=DIRECTION('',(-0.793353340291235,-0.608761429008721,3.72758867739949E-17));
#2026=DIRECTION('',(0.560985526796931,0.43045933457688,-0.707106781186548));
#2027=DIRECTION('',(0.560985526796931,0.43045933457688,0.707106781186548));
#2028=DIRECTION('',(0.,6.12323399573677E-17,1.));
#2029=DIRECTION('',(1.,0.,0.));
#2030=DIRECTION('',(0.,6.12323399573677E-17,1.));
#2031=DIRECTION('',(0.560985526796931,0.43045933457688,-0.707106781186548));
#2032=DIRECTION('',(0.560985526796931,0.43045933457688,0.707106781186548));
#2033=DIRECTION('',(0.608761429008721,-0.793353340291235,4.85788814390261E-17));
#2034=DIRECTION('',(0.793353340291235,0.608761429008721,-3.72758867739949E-17));
#2035=DIRECTION('',(0.793353340291235,0.608761429008721,-8.09000890262137E-33));
#2036=DIRECTION('',(0.,0.,-1.));
#2037=DIRECTION('',(2.95729492844667E-17,-3.85402178572632E-17,-1.));
#2038=DIRECTION('',(0.793353340291235,0.608761429008721,-3.72758867739949E-17));
#2039=DIRECTION('',(-0.608761429008721,0.793353340291235,-4.85788814390261E-17));
#2040=DIRECTION('',(-0.793353340291235,-0.608761429008721,3.72758867739949E-17));
#2041=DIRECTION('',(0.946930129495106,0.321439465303161,-1.96824906151577E-17));
#2042=DIRECTION('',(-0.321439465303161,0.946930129495106,-5.79827476051185E-17));
#2043=DIRECTION('',(0.,-6.12323399573677E-17,-1.));
#2044=DIRECTION('',(-1.,0.,0.));
#2045=DIRECTION('',(0.,6.12323399573677E-17,1.));
#2046=DIRECTION('',(0.,6.12323399573677E-17,1.));
#2047=DIRECTION('',(0.,-1.,6.12323399573677E-17));
#2048=DIRECTION('',(0.,6.12323399573677E-17,1.));
#2049=DIRECTION('',(0.,0.,1.));
#2050=DIRECTION('',(0.,-1.,0.));
#2051=DIRECTION('',(0.608761429008721,-0.793353340291235,4.85788814390261E-17));
#2052=DIRECTION('',(0.793353340291235,0.608761429008721,-3.72758867739949E-17));
#2053=DIRECTION('',(0.793353340291235,0.608761429008721,-3.72758867739949E-17));
#2054=DIRECTION('',(0.,6.12323399573677E-17,1.));
#2055=DIRECTION('',(0.793353340291235,0.608761429008721,0.));
#2056=DIRECTION('',(0.,6.12323399573677E-17,1.));
#2057=DIRECTION('',(1.,0.,0.));
#2058=DIRECTION('',(0.,6.12323399573677E-17,1.));
#2059=DIRECTION('',(0.,-1.,6.12323399573677E-17));
#2060=DIRECTION('',(0.,6.12323399573677E-17,1.));
#2061=DIRECTION('',(0.,0.,1.));
#2062=DIRECTION('',(0.,-1.,0.));
#2063=DIRECTION('',(0.793353340291235,0.608761429008721,-3.72758867739949E-17));
#2064=DIRECTION('',(-0.608761429008721,0.793353340291235,-4.85788814390261E-17));
#2065=DIRECTION('',(-0.608761429008721,0.793353340291235,-4.85788814390261E-17));
#2066=DIRECTION('',(-0.608761429008721,0.793353340291235,0.));
#2067=DIRECTION('',(-0.608761429008721,0.793353340291235,-4.85788814390261E-17));
#2068=DIRECTION('',(-3.75178196837075E-33,6.12323399573677E-17,1.));
#2069=DIRECTION('',(-1.,0.,0.));
#2070=DIRECTION('',(0.,6.12323399573677E-17,1.));
#2071=DIRECTION('',(0.,6.12323399573677E-17,1.));
#2072=DIRECTION('',(1.,0.,0.));
#2073=DIRECTION('',(-0.793353340291235,-0.608761429008721,3.72758867739949E-17));
#2074=DIRECTION('',(-0.608761429008721,0.793353340291235,-4.85788814390261E-17));
#2075=DIRECTION('',(0.,6.12323399573677E-17,1.));
#2076=DIRECTION('',(0.,-1.,6.12323399573677E-17));
#2077=DIRECTION('',(0.793353340291235,0.608761429008721,-3.72758867739949E-17));
#2078=DIRECTION('',(0.,6.12323399573677E-17,1.));
#2079=DIRECTION('',(0.,-1.,6.12323399573677E-17));
#2080=DIRECTION('',(1.,0.,0.));
#2081=DIRECTION('',(0.,1.,-6.12323399573677E-17));
#2082=DIRECTION('',(0.,6.12323399573677E-17,1.));
#2083=DIRECTION('',(1.,0.,0.));
#2084=DIRECTION('',(1.,0.,0.));
#2085=DIRECTION('',(-0.608761429008721,0.793353340291235,-4.85788814390261E-17));
#2086=DIRECTION('',(-0.793353340291235,-0.608761429008721,3.72758867739949E-17));
#2087=DIRECTION('',(-2.41119385366841E-33,6.12323399573677E-17,1.));
#2088=DIRECTION('',(-0.793353340291235,-0.608761429008721,3.72758867739949E-17));
#2089=DIRECTION('',(0.,1.,-6.12323399573677E-17));
#2090=DIRECTION('',(0.,6.12323399573677E-17,1.));
#2091=DIRECTION('',(0.,6.12323399573677E-17,1.));
#2092=DIRECTION('',(1.,0.,0.));
#2093=DIRECTION('',(1.,0.,0.));
#2094=DIRECTION('',(0.,6.12323399573677E-17,1.));
#2095=DIRECTION('',(1.,0.,0.));
#2096=DIRECTION('',(0.793353340291235,-0.608761429008721,3.72758867739949E-17));
#2097=DIRECTION('',(1.,0.,0.));
#2098=DIRECTION('',(0.,6.12323399573677E-17,1.));
#2099=DIRECTION('',(0.,-1.,6.12323399573677E-17));
#2100=DIRECTION('',(-0.793353340291235,0.608761429008721,-3.72758867739949E-17));
#2101=DIRECTION('',(0.,6.12323399573677E-17,1.));
#2102=DIRECTION('',(0.,-1.,6.12323399573677E-17));
#2103=DIRECTION('',(0.608761429008721,0.793353340291235,-4.85788814390261E-17));
#2104=DIRECTION('',(-0.608761429008721,-0.793353340291235,4.85788814390261E-17));
#2105=DIRECTION('',(-0.793353340291235,0.608761429008721,-3.72758867739949E-17));
#2106=DIRECTION('',(0.,6.12323399573677E-17,1.));
#2107=DIRECTION('',(-0.793353340291235,0.608761429008721,-3.72758867739949E-17));
#2108=DIRECTION('',(0.,6.12323399573677E-17,1.));
#2109=DIRECTION('',(-0.793353340291235,0.608761429008721,0.));
#2110=DIRECTION('',(0.608761429008721,0.793353340291235,-4.85788814390261E-17));
#2111=DIRECTION('',(0.793353340291235,-0.608761429008721,3.72758867739949E-17));
#2112=DIRECTION('',(0.793353340291235,-0.608761429008721,3.72758867739949E-17));
#2113=DIRECTION('',(2.41119385366841E-33,6.12323399573677E-17,1.));
#2114=DIRECTION('',(0.793353340291235,-0.608761429008721,3.72758867739949E-17));
#2115=DIRECTION('',(0.,6.12323399573677E-17,1.));
#2116=DIRECTION('',(-0.793353340291235,0.608761429008721,-3.72758867739949E-17));
#2117=DIRECTION('',(-0.793353340291235,0.608761429008721,-3.72758867739949E-17));
#2118=DIRECTION('',(0.608761429008721,0.793353340291235,-4.85788814390261E-17));
#2119=DIRECTION('',(0.608761429008721,0.793353340291235,-4.85788814390261E-17));
#2120=DIRECTION('',(3.75178196837075E-33,6.12323399573677E-17,1.));
#2121=DIRECTION('',(0.608761429008721,0.793353340291235,-4.85788814390261E-17));
#2122=DIRECTION('',(0.,6.12323399573677E-17,1.));
#2123=DIRECTION('',(0.,-6.12323399573677E-17,-1.));
#2124=DIRECTION('',(-1.,0.,0.));
#2125=DIRECTION('',(0.,6.12323399573677E-17,1.));
#2126=DIRECTION('',(0.,-1.,6.12323399573677E-17));
#2127=DIRECTION('',(0.,0.,1.));
#2128=DIRECTION('',(0.,-1.,0.));
#2129=DIRECTION('',(0.,6.12323399573677E-17,1.));
#2130=DIRECTION('',(1.,0.,0.));
#2131=DIRECTION('',(0.,6.12323399573677E-17,1.));
#2132=DIRECTION('',(0.,-1.,6.12323399573677E-17));
#2133=DIRECTION('',(0.,0.,1.));
#2134=DIRECTION('',(0.,-1.,0.));
#2135=DIRECTION('',(0.,6.12323399573677E-17,1.));
#2136=DIRECTION('',(-1.,0.,0.));
#2137=DIRECTION('',(0.793353340291235,-0.608761429008721,3.72758867739949E-17));
#2138=DIRECTION('',(0.608761429008721,0.793353340291235,-4.85788814390261E-17));
#2139=DIRECTION('',(-0.608761429008721,-0.793353340291235,4.85788814390261E-17));
#2140=DIRECTION('',(0.793353340291235,-0.608761429008721,3.72758867739949E-17));
#2141=DIRECTION('',(-0.608761429008721,-0.793353340291235,4.85788814390261E-17));
#2142=DIRECTION('',(0.793353340291235,-0.608761429008721,3.72758867739949E-17));
#2143=DIRECTION('',(-0.608761429008721,-0.793353340291235,0.));
#2144=DIRECTION('',(0.,0.,-1.));
#2145=DIRECTION('',(0.,6.12323399573677E-17,1.));
#2146=DIRECTION('',(0.,6.12323399573677E-17,1.));
#2147=DIRECTION('',(1.,0.,0.));
#2148=DIRECTION('',(0.560985526796931,-0.43045933457688,0.707106781186548));
#2149=DIRECTION('',(0.560985526796931,-0.43045933457688,-0.707106781186548));
#2150=DIRECTION('',(0.560985526796931,-0.43045933457688,0.707106781186548));
#2151=DIRECTION('',(-0.560985526796931,0.43045933457688,0.707106781186548));
#2152=DIRECTION('',(-0.793353340291235,0.608761429008721,-3.72758867739949E-17));
#2153=DIRECTION('',(-0.608761429008721,-0.793353340291235,4.85788814390261E-17));
#2154=DIRECTION('',(-0.793353340291235,0.608761429008721,0.));
#2155=DIRECTION('',(0.608761429008721,0.793353340291235,0.));
#2156=DIRECTION('',(0.793353340291235,-0.608761429008721,3.72758867739949E-17));
#2157=DIRECTION('',(0.608761429008721,0.793353340291235,-4.85788814390261E-17));
#2158=DIRECTION('',(0.946930129495106,-0.321439465303161,1.96824906151577E-17));
#2159=DIRECTION('',(-0.321439465303161,-0.946930129495106,5.79827476051185E-17));
#2160=DIRECTION('',(-1.,0.,0.));
#2161=DIRECTION('',(0.,6.12323399573677E-17,1.));
#2162=DIRECTION('',(-1.,0.,0.));
#2163=DIRECTION('',(0.,1.,0.));
#2164=DIRECTION('',(1.,0.,0.));
#2165=DIRECTION('',(0.,-1.,0.));
#2166=DIRECTION('',(0.,6.12323399573677E-17,1.));
#2167=DIRECTION('',(0.,-1.,6.12323399573677E-17));
#2168=DIRECTION('',(0.793353340291236,-0.60876142900872,0.));
#2169=DIRECTION('',(-0.60876142900872,-0.793353340291236,0.));
#2170=DIRECTION('',(-0.793353340291235,0.608761429008721,-3.72758867739949E-17));
#2171=DIRECTION('',(0.608761429008721,0.793353340291235,0.));
#2172=DIRECTION('',(0.793353340291236,-0.60876142900872,0.));
#2173=DIRECTION('',(-0.60876142900872,-0.793353340291236,0.));
#2174=DIRECTION('',(0.,6.12323399573677E-17,1.));
#2175=DIRECTION('',(0.,-1.,6.12323399573677E-17));
#2176=DIRECTION('',(-0.608761429008722,-0.793353340291234,0.));
#2177=DIRECTION('',(-0.793353340291234,0.608761429008722,0.));
#2178=DIRECTION('',(0.608761429008721,0.793353340291235,-4.85788814390261E-17));
#2179=DIRECTION('',(0.793353340291235,-0.608761429008721,0.));
#2180=DIRECTION('',(-0.608761429008722,-0.793353340291234,0.));
#2181=DIRECTION('',(-0.793353340291234,0.608761429008722,0.));
#2182=DIRECTION('',(0.793353340291235,-0.608761429008721,3.72758867739949E-17));
#2183=DIRECTION('',(-0.608761429008721,-0.793353340291235,0.));
#2184=DIRECTION('',(0.793353340291236,-0.60876142900872,0.));
#2185=DIRECTION('',(-0.60876142900872,-0.793353340291236,0.));
#2186=DIRECTION('',(0.,0.,-1.));
#2187=DIRECTION('',(0.,1.,0.));
#2188=DIRECTION('',(0.,0.,-1.));
#2189=DIRECTION('',(0.,1.,0.));
#2190=DIRECTION('',(0.,6.12323399573677E-17,1.));
#2191=DIRECTION('',(0.,-1.,6.12323399573677E-17));
#2192=DIRECTION('',(-0.147646333682642,-0.192416448262198,-0.970142500145332));
#2193=DIRECTION('',(-0.590585334730563,-0.769665793048791,0.242535625036333));
#2194=DIRECTION('',(-0.590585334730566,-0.769665793048789,-0.242535625036332));
#2195=DIRECTION('',(-0.14764633368264,-0.192416448262198,0.970142500145332));
#2196=DIRECTION('',(-0.608761429008721,-0.793353340291235,4.85788814390261E-17));
#2197=DIRECTION('',(-0.793353340291235,0.608761429008721,0.));
#2198=DIRECTION('',(-1.,0.,0.));
#2199=DIRECTION('',(0.,1.,0.));
#2200=DIRECTION('',(-1.,0.,0.));
#2201=DIRECTION('',(0.,1.,0.));
#2202=DIRECTION('',(0.,6.12323399573677E-17,1.));
#2203=DIRECTION('',(0.,-1.,6.12323399573677E-17));
#2204=DIRECTION('',(-0.793353340291236,-0.60876142900872,1.37624866414782E-15));
#2205=DIRECTION('',(-0.60876142900872,0.793353340291236,0.));
#2206=DIRECTION('',(0.793353340291235,0.608761429008721,-3.72758867739949E-17));
#2207=DIRECTION('',(0.608761429008721,-0.793353340291235,0.));
#2208=DIRECTION('',(-0.793353340291236,-0.60876142900872,-2.75249732829565E-15));
#2209=DIRECTION('',(-0.60876142900872,0.793353340291236,0.));
#2210=DIRECTION('',(0.,6.12323399573677E-17,1.));
#2211=DIRECTION('',(0.,-1.,6.12323399573677E-17));
#2212=DIRECTION('',(0.608761429008722,-0.793353340291234,0.));
#2213=DIRECTION('',(-0.793353340291234,-0.608761429008722,0.));
#2214=DIRECTION('',(-0.793353340291235,-0.608761429008721,3.72758867739949E-17));
#2215=DIRECTION('',(-0.608761429008721,0.793353340291235,0.));
#2216=DIRECTION('',(-0.793353340291235,-0.608761429008721,0.));
#2217=DIRECTION('',(-0.608761429008721,0.793353340291235,0.));
#2218=DIRECTION('',(-0.608761429008721,0.793353340291235,-4.85788814390261E-17));
#2219=DIRECTION('',(0.793353340291235,0.608761429008721,0.));
#2220=DIRECTION('',(0.608761429008722,-0.793353340291234,7.61706014093252E-15));
#2221=DIRECTION('',(-0.793353340291234,-0.608761429008722,0.));
#2222=DIRECTION('',(3.46944695195361E-15,-6.93889390390723E-15,-1.));
#2223=DIRECTION('',(0.,1.,-6.93889390390723E-15));
#2224=DIRECTION('',(0.,0.,-1.));
#2225=DIRECTION('',(0.,1.,0.));
#2226=DIRECTION('',(0.,6.12323399573677E-17,1.));
#2227=DIRECTION('',(0.,-1.,6.12323399573677E-17));
#2228=DIRECTION('',(-0.147646333682642,0.192416448262198,0.970142500145332));
#2229=DIRECTION('',(0.590585334730562,-0.769665793048791,0.242535625036333));
#2230=DIRECTION('',(-0.590585334730566,0.769665793048789,0.242535625036332));
#2231=DIRECTION('',(0.14764633368264,-0.192416448262198,0.970142500145332));
#2232=DIRECTION('',(0.608761429008721,-0.793353340291235,4.85788814390261E-17));
#2233=DIRECTION('',(-0.793353340291235,-0.608761429008721,0.));
#2234=DIRECTION('',(0.,0.,1.));
#2235=DIRECTION('',(0.,-1.,0.));
#2236=DIRECTION('',(-0.793353340291233,0.608761429008723,0.));
#2237=DIRECTION('',(0.608761429008723,0.793353340291233,0.));
#2238=DIRECTION('',(0.793353340291235,-0.608761429008721,0.));
#2239=DIRECTION('',(-0.608761429008721,-0.793353340291235,0.));
#2240=DIRECTION('',(-0.793353340291236,0.60876142900872,0.));
#2241=DIRECTION('',(0.60876142900872,0.793353340291236,0.));
#2242=DIRECTION('',(0.,0.,1.));
#2243=DIRECTION('',(0.,-1.,0.));
#2244=DIRECTION('',(-1.,0.,0.));
#2245=DIRECTION('',(0.,1.,0.));
#2246=DIRECTION('',(1.,0.,0.));
#2247=DIRECTION('',(0.,-1.,0.));
#2248=DIRECTION('',(0.707106781186548,-0.707106781186548,0.));
#2249=DIRECTION('',(-0.707106781186548,-0.707106781186548,0.));
#2250=DIRECTION('',(0.,-1.,0.));
#2251=DIRECTION('',(-1.,0.,0.));
#2252=DIRECTION('',(0.,1.,0.));
#2253=DIRECTION('',(1.,0.,0.));
#2254=DIRECTION('',(1.,0.,4.33680868994202E-17));
#2255=DIRECTION('',(4.33680868994202E-17,0.,-1.));
#2256=DIRECTION('',(0.,0.,-1.));
#2257=DIRECTION('',(0.,1.,0.));
#2258=DIRECTION('',(-4.33680868994202E-17,0.,1.));
#2259=DIRECTION('',(1.,0.,4.33680868994202E-17));
#2260=DIRECTION('',(0.608761429008721,-0.793353340291235,0.));
#2261=DIRECTION('',(-0.793353340291235,-0.608761429008721,0.));
#2262=DIRECTION('',(-0.608761429008722,0.793353340291234,0.));
#2263=DIRECTION('',(0.793353340291234,0.608761429008722,0.));
#2264=DIRECTION('',(0.,0.,1.));
#2265=DIRECTION('',(0.,-1.,0.));
#2266=DIRECTION('',(0.793353340291236,0.60876142900872,-4.22413096868247E-15));
#2267=DIRECTION('',(0.60876142900872,-0.793353340291236,0.));
#2268=DIRECTION('',(-0.793353340291235,-0.608761429008721,0.));
#2269=DIRECTION('',(-0.608761429008721,0.793353340291235,0.));
#2270=DIRECTION('',(0.793353340291235,0.608761429008721,1.37624866414782E-15));
#2271=DIRECTION('',(0.608761429008721,-0.793353340291235,0.));
#2272=DIRECTION('',(0.,0.,1.));
#2273=DIRECTION('',(0.,-1.,0.));
#2274=DIRECTION('',(1.,0.,0.));
#2275=DIRECTION('',(0.,-1.,0.));
#2276=DIRECTION('',(1.,0.,0.));
#2277=DIRECTION('',(0.,-1.,0.));
#2278=DIRECTION('',(0.707106781186548,0.707106781186548,0.));
#2279=DIRECTION('',(-0.707106781186548,0.707106781186548,0.));
#2280=DIRECTION('',(0.,1.,0.));
#2281=DIRECTION('',(1.,0.,0.));
#2282=DIRECTION('',(0.,1.,0.));
#2283=DIRECTION('',(1.,0.,0.));
#2284=DIRECTION('',(1.,0.,4.33680868994202E-17));
#2285=DIRECTION('',(4.33680868994202E-17,0.,-1.));
#2286=DIRECTION('',(0.,0.,-1.));
#2287=DIRECTION('',(0.,1.,0.));
#2288=DIRECTION('',(4.33680868994202E-17,0.,-1.));
#2289=DIRECTION('',(-1.,0.,-4.33680868994202E-17));
#2290=DIRECTION('',(-1.,0.,0.));
#2291=DIRECTION('',(0.,1.,0.));
#2292=DIRECTION('',(-0.793353340291235,-0.608761429008721,0.));
#2293=DIRECTION('',(-0.608761429008721,0.793353340291235,0.));
#2294=DIRECTION('',(0.608761429008721,-0.793353340291235,4.85788814390261E-17));
#2295=DIRECTION('',(-0.793353340291235,0.608761429008721,0.));
#2296=DIRECTION('',(0.608761429008721,0.793353340291235,0.));
#2297=DIRECTION('',(2.95729492844667E-17,-3.85402178572633E-17,-1.));
#2298=DIRECTION('',(0.,1.,-3.85402178572633E-17));
#2299=DIRECTION('',(-0.608761429008721,0.793353340291235,-4.85788814390261E-17));
#2300=DIRECTION('',(0.793353340291235,-0.608761429008721,0.));
#2301=DIRECTION('',(-0.608761429008721,-0.793353340291235,0.));
#2302=DIRECTION('',(0.,0.,-1.));
#2303=DIRECTION('',(0.793353340291235,-0.608761429008721,0.));
#2304=DIRECTION('',(-0.608761429008721,-0.793353340291235,0.));
#2305=DIRECTION('',(0.608761429008722,0.793353340291234,0.));
#2306=DIRECTION('',(0.793353340291234,-0.608761429008722,0.));
#2307=DIRECTION('',(0.793353340291234,-0.608761429008722,7.08742219534503E-32));
#2308=DIRECTION('',(0.608761429008721,-0.793353340291235,0.));
#2309=DIRECTION('',(-0.793353340291235,-0.608761429008721,0.));
#2310=DIRECTION('',(0.,0.,-1.));
#2311=DIRECTION('',(0.793353340291235,0.608761429008721,-1.84889274661175E-32));
#2312=DIRECTION('',(0.793353340291235,0.608761429008721,0.));
#2313=DIRECTION('',(0.608761429008721,-0.793353340291235,0.));
#2314=DIRECTION('',(0.793353340291235,0.608761429008721,0.));
#2315=DIRECTION('',(0.608761429008721,-0.793353340291235,0.));
#2316=DIRECTION('',(0.793353340291234,-0.608761429008722,7.08742219534503E-32));
#2317=DIRECTION('',(-0.608761429008722,-0.793353340291234,0.));
#2318=DIRECTION('',(0.793353340291235,0.608761429008721,-1.84889274661175E-32));
#2319=DIRECTION('',(0.608761429008721,-0.793353340291235,0.));
#2320=CARTESIAN_POINT('',(0.,0.,0.));
#2321=CARTESIAN_POINT('',(0.027898600758001,-0.0801483844151194,0.02));
#2322=CARTESIAN_POINT('',(0.0279195608636775,-0.0801644676698759,0.060002));
#2323=CARTESIAN_POINT('',(0.0279195608636775,-0.0801644676698759,0.058));
#2324=CARTESIAN_POINT('',(0.0279195608636775,-0.0801644676698759,0.02));
#2325=CARTESIAN_POINT('',(0.0310929742248425,-0.0825995133859108,0.058));
#2326=CARTESIAN_POINT('',(0.046166687690376,-0.0941659805370765,0.058));
#2327=CARTESIAN_POINT('',(0.046166687690376,-0.0941659805370765,0.0325));
#2328=CARTESIAN_POINT('',(0.046166687690376,-0.0941659805370764,0.02));
#2329=CARTESIAN_POINT('',(0.027898600758001,-0.0801483844151194,0.02));
#2330=CARTESIAN_POINT('',(0.0326148777973643,-0.0806161300351827,0.058));
#2331=CARTESIAN_POINT('',(0.029137083721695,-0.0785777609892934,0.058));
#2332=CARTESIAN_POINT('',(0.032485271581243,-0.0742143176176916,0.058));
#2333=CARTESIAN_POINT('',(0.0356586849424079,-0.0766493633337265,0.058));
#2334=CARTESIAN_POINT('',(0.0507323984079414,-0.0882158304848922,0.058));
#2335=CARTESIAN_POINT('',(0.0476885912628978,-0.0921825971863484,0.058));
#2336=CARTESIAN_POINT('',(1.7347234759768E-18,0.0035,0.02));
#2337=CARTESIAN_POINT('',(-0.029137083721695,-0.0785777609892934,0.02));
#2338=CARTESIAN_POINT('',(-0.0303546065797124,-0.0769910543087109,0.02));
#2339=CARTESIAN_POINT('',(-0.0279195608636775,-0.0801644676698759,0.02));
#2340=CARTESIAN_POINT('',(-0.0295612532394212,-0.0763822928797022,0.02));
#2341=CARTESIAN_POINT('',(-0.02876789989913,-0.0757735314506935,0.02));
#2342=CARTESIAN_POINT('',(-0.0563929658249956,-0.0397718446096944,0.02));
#2343=CARTESIAN_POINT('',(-0.0242021891815646,-0.0817236815028777,0.02));
#2344=CARTESIAN_POINT('',(-0.0138885957577785,-0.0738097829257644,0.02));
#2345=CARTESIAN_POINT('',(-0.0134846350025605,-0.0734998129362012,0.02));
#2346=CARTESIAN_POINT('',(-0.0213766971854793,-0.0734998129362012,0.02));
#2347=CARTESIAN_POINT('',(-0.0129755,-0.0734998129362012,0.02));
#2348=CARTESIAN_POINT('',(-0.0129755,-0.0734998129362012,0.0185));
#2349=CARTESIAN_POINT('',(-0.0129755,-0.0735,0.0199999999941678));
#2350=CARTESIAN_POINT('',(1.7347234759768E-18,-0.0735,0.02));
#2351=CARTESIAN_POINT('',(0.0129755,-0.0735,0.0199999999941678));
#2352=CARTESIAN_POINT('',(0.0129755,0.0035,0.02));
#2353=CARTESIAN_POINT('',(0.0129755,-0.0734998129362012,0.02));
#2354=CARTESIAN_POINT('',(-0.0213766971854793,-0.0734998129362012,0.02));
#2355=CARTESIAN_POINT('',(0.0134846350025604,-0.0734998129362012,0.02));
#2356=CARTESIAN_POINT('',(0.0150786257682153,-0.0747229250692774,0.02));
#2357=CARTESIAN_POINT('',(0.0242021891815645,-0.0817236815028777,0.02));
#2358=CARTESIAN_POINT('',(0.0248109506105732,-0.0809303281625865,0.02));
#2359=CARTESIAN_POINT('',(0.02876789989913,-0.0757735314506935,0.02));
#2360=CARTESIAN_POINT('',(0.0295612532394212,-0.0763822928797022,0.02));
#2361=CARTESIAN_POINT('',(0.0303546065797124,-0.0769910543087109,0.02));
#2362=CARTESIAN_POINT('',(0.029137083721695,-0.0785777609892934,0.02));
#2363=CARTESIAN_POINT('',(0.0552981091255067,-0.0822656804327079,0.02));
#2364=CARTESIAN_POINT('',(0.0507323984079414,-0.0882158304848922,0.02));
#2365=CARTESIAN_POINT('',(0.0552981091255067,-0.0822656804327079,0.02));
#2366=CARTESIAN_POINT('',(0.0552981091255067,-0.0822656804327079,0.02));
#2367=CARTESIAN_POINT('',(0.0489512824031769,-0.0773955890006381,0.02));
#2368=CARTESIAN_POINT('',(0.0538213738352466,-0.0710487622783082,0.02));
#2369=CARTESIAN_POINT('',(0.0259811660743294,-0.0496862195124152,0.02));
#2370=CARTESIAN_POINT('',(0.0259811660743294,-0.0496862195124152,0.02));
#2371=CARTESIAN_POINT('',(0.0211110746422597,-0.0560330462347451,0.02));
#2372=CARTESIAN_POINT('',(0.0211110746422597,-0.0480330462347451,0.02));
#2373=CARTESIAN_POINT('',(1.7347234759768E-18,-0.048033046234745,0.02));
#2374=CARTESIAN_POINT('',(0.0109755,-0.048033046234745,0.02));
#2375=CARTESIAN_POINT('',(0.0109755,0.0035,0.02));
#2376=CARTESIAN_POINT('',(0.0109755,-0.0015,0.02));
#2377=CARTESIAN_POINT('',(1.7347234759768E-18,-0.0015,0.02));
#2378=CARTESIAN_POINT('',(-0.0109755,-0.0015,0.02));
#2379=CARTESIAN_POINT('',(-0.0109755,-0.046033046234745,0.02));
#2380=CARTESIAN_POINT('',(-0.0109755,-0.048033046234745,0.02));
#2381=CARTESIAN_POINT('',(1.7347234759768E-18,-0.048033046234745,0.02));
#2382=CARTESIAN_POINT('',(-0.0211110746422597,-0.0480330462347451,0.02));
#2383=CARTESIAN_POINT('',(-0.0211110746422597,-0.0560330462347451,0.02));
#2384=CARTESIAN_POINT('',(-0.0259811660743294,-0.0496862195124152,0.02));
#2385=CARTESIAN_POINT('',(-0.0538213738352467,-0.0710487622783082,0.02));
#2386=CARTESIAN_POINT('',(-0.0538213738352466,-0.0710487622783082,0.02));
#2387=CARTESIAN_POINT('',(-0.0489512824031769,-0.0773955890006381,0.02));
#2388=CARTESIAN_POINT('',(-0.0552981091255068,-0.0822656804327079,0.02));
#2389=CARTESIAN_POINT('',(-0.046166687690376,-0.0941659805370764,0.02));
#2390=CARTESIAN_POINT('',(-0.0507323984079414,-0.0882158304848922,0.02));
#2391=CARTESIAN_POINT('',(-0.0476885912628978,-0.0921825971863483,0.02));
#2392=CARTESIAN_POINT('',(-0.046166687690376,-0.0941659805370764,0.02));
#2393=CARTESIAN_POINT('',(-0.027898600758001,-0.0801483844151194,0.02));
#2394=CARTESIAN_POINT('',(-0.0248109506105732,-0.0809303281625865,0.02));
#2395=CARTESIAN_POINT('',(-0.02876789989913,-0.0757735314506935,0.060002));
#2396=CARTESIAN_POINT('',(-0.02876789989913,-0.0757735314506935,0.0544));
#2397=CARTESIAN_POINT('',(-0.0309594410435613,-0.072917459425645,0.0544));
#2398=CARTESIAN_POINT('',(-0.0308985649006605,-0.0729967947596742,0.0579986108430893));
#2399=CARTESIAN_POINT('',(-0.0308985649006605,-0.0729967947596742,0.0325));
#2400=CARTESIAN_POINT('',(-0.0308985649006605,-0.0729967947596742,0.06));
#2401=CARTESIAN_POINT('',(-0.0244149121881022,-0.0814464554833708,0.06));
#2402=CARTESIAN_POINT('',(-0.0242021891815646,-0.0817236815028777,0.06));
#2403=CARTESIAN_POINT('',(-0.0242021891815646,-0.0817236815028777,0.02));
#2404=CARTESIAN_POINT('',(-0.0364520382826992,-0.0772581247627352,0.0325));
#2405=CARTESIAN_POINT('',(-0.0356586849424079,-0.0766493633337265,0.058));
#2406=CARTESIAN_POINT('',(-0.0507323984079414,-0.0882158304848922,0.058));
#2407=CARTESIAN_POINT('',(-0.032485271581243,-0.0742143176176916,0.058));
#2408=CARTESIAN_POINT('',(-0.0507323984079414,-0.0882158304848922,0.0325));
#2409=CARTESIAN_POINT('',(-0.0507323984079414,-0.0882158304848922,0.018));
#2410=CARTESIAN_POINT('',(-0.0523191050885238,-0.0894333533429096,0.018));
#2411=CARTESIAN_POINT('',(-0.0523191050885238,-0.0894333533429096,0.02));
#2412=CARTESIAN_POINT('',(-0.0523191050885238,-0.0894333533429096,0.058));
#2413=CARTESIAN_POINT('',(-0.0507323984079414,-0.0882158304848922,0.058));
#2414=CARTESIAN_POINT('',(-0.0507323984079414,-0.0882158304848922,0.06));
#2415=CARTESIAN_POINT('',(-0.0364520382826992,-0.0772581247627352,0.06));
#2416=CARTESIAN_POINT('',(-0.0316919182409517,-0.0736055561886829,0.0579986108430893));
#2417=CARTESIAN_POINT('',(-0.032485271581243,-0.0742143176176916,0.0579986108430893));
#2418=CARTESIAN_POINT('',(-0.032485271581243,-0.0742143176176916,0.060002));
#2419=CARTESIAN_POINT('',(0.0364520382826992,-0.0772581247627352,0.0325));
#2420=CARTESIAN_POINT('',(0.0507323984079414,-0.0882158304848922,0.0325));
#2421=CARTESIAN_POINT('',(0.032485271581243,-0.0742143176176916,0.0325));
#2422=CARTESIAN_POINT('',(0.032485271581243,-0.0742143176176916,0.0579986108430893));
#2423=CARTESIAN_POINT('',(0.0316919182409517,-0.0736055561886829,0.0579986108430893));
#2424=CARTESIAN_POINT('',(0.0308985649006605,-0.0729967947596742,0.0579986108430893));
#2425=CARTESIAN_POINT('',(0.0308985649006605,-0.0729967947596742,0.02));
#2426=CARTESIAN_POINT('',(0.0308985649006605,-0.0729967947596742,0.06));
#2427=CARTESIAN_POINT('',(0.0278603498980374,-0.0706654903928789,0.06));
#2428=CARTESIAN_POINT('',(0.0507323984079413,-0.0882158304848922,0.06));
#2429=CARTESIAN_POINT('',(0.0507323984079413,-0.0882158304848922,0.058));
#2430=CARTESIAN_POINT('',(0.0523191050885238,-0.0894333533429096,0.058));
#2431=CARTESIAN_POINT('',(0.0523191050885238,-0.0894333533429096,0.0325));
#2432=CARTESIAN_POINT('',(0.0523191050885238,-0.0894333533429096,0.018));
#2433=CARTESIAN_POINT('',(0.0507323984079413,-0.0882158304848922,0.018));
#2434=CARTESIAN_POINT('',(0.0762267993322765,-0.0549908803349124,0.018));
#2435=CARTESIAN_POINT('',(0.0477533943709584,-0.0953835033950939,0.018));
#2436=CARTESIAN_POINT('',(0.0568848158060892,-0.0834832032907254,0.018));
#2437=CARTESIAN_POINT('',(0.0552981091255067,-0.0822656804327079,0.018));
#2438=CARTESIAN_POINT('',(-0.0129755,0.0035,0.));
#2439=CARTESIAN_POINT('',(-0.0129755,0.0035,0.01));
#2440=CARTESIAN_POINT('',(-0.0129755,-0.06,0.01));
#2441=CARTESIAN_POINT('',(-0.0129754768071327,-0.0749999064681006,0.01));
#2442=CARTESIAN_POINT('',(-0.0129755,-0.06,0.));
#2443=CARTESIAN_POINT('',(-0.0129755,-0.06,-0.01));
#2444=CARTESIAN_POINT('',(-0.0129755,0.0035,-0.01));
#2445=CARTESIAN_POINT('',(-0.0129755,-0.0675,-0.01));
#2446=CARTESIAN_POINT('',(-0.0129755,-0.04674,-0.03768));
#2447=CARTESIAN_POINT('',(-0.0129755,-0.06,-0.02));
#2448=CARTESIAN_POINT('',(-0.0129755,0.0035,-0.02));
#2449=CARTESIAN_POINT('',(-0.0129755,-0.073,-0.02));
#2450=CARTESIAN_POINT('',(-0.0129755,-0.073,-0.018));
#2451=CARTESIAN_POINT('',(-0.0129755,-0.075,-0.018));
#2452=CARTESIAN_POINT('',(-0.0129755,-0.075,0.));
#2453=CARTESIAN_POINT('',(-0.0129755,0.0035,0.));
#2454=CARTESIAN_POINT('',(-0.0129755,-0.0015,0.015));
#2455=CARTESIAN_POINT('',(-0.0129755,-0.0015,0.018));
#2456=CARTESIAN_POINT('',(-0.0129755,0.0015,0.015));
#2457=CARTESIAN_POINT('',(-0.0129755,0.0015,-0.02));
#2458=CARTESIAN_POINT('',(-0.0129755,0.0015,-0.02));
#2459=CARTESIAN_POINT('',(-0.0129755,0.0035,-0.02));
#2460=CARTESIAN_POINT('',(-0.0129755,1.84314369322536E-18,-0.02));
#2461=CARTESIAN_POINT('',(-0.0129755,0.0046982851197173,-0.000285571820593168));
#2462=CARTESIAN_POINT('',(-0.0129755,0.00119158544111997,-0.015));
#2463=CARTESIAN_POINT('',(-0.0129755,-0.00206699330519016,-0.00132670963465539));
#2464=CARTESIAN_POINT('',(-0.0129755000000011,-6.9931040125315E-18,-0.01));
#2465=CARTESIAN_POINT('',(-0.0129755,0.,0.));
#2466=CARTESIAN_POINT('',(-0.0129755,0.,0.01));
#2467=CARTESIAN_POINT('',(-0.0129755,-0.06,0.01));
#2468=CARTESIAN_POINT('',(-0.0129755,-0.048033046234745,0.01));
#2469=CARTESIAN_POINT('',(-0.0129755,-0.048033046234745,0.012));
#2470=CARTESIAN_POINT('',(-0.0129755,-0.046033046234745,0.012));
#2471=CARTESIAN_POINT('',(-0.0129755,-0.046033046234745,3.03302432616992E-18));
#2472=CARTESIAN_POINT('',(-0.0129755,-0.046033046234745,0.018));
#2473=CARTESIAN_POINT('',(-0.0129755,-0.0015,0.018));
#2474=CARTESIAN_POINT('',(0.0129755,0.0035,0.));
#2475=CARTESIAN_POINT('',(0.0129755,0.0035,-0.02));
#2476=CARTESIAN_POINT('',(0.0129755,0.0015,-0.02));
#2477=CARTESIAN_POINT('',(0.0129755,1.84314369322536E-18,-0.02));
#2478=CARTESIAN_POINT('',(0.0129755,0.0015,0.));
#2479=CARTESIAN_POINT('',(0.0129755,0.0015,0.015));
#2480=CARTESIAN_POINT('',(0.0129755,-0.0015,0.015));
#2481=CARTESIAN_POINT('',(0.0129755,-0.0015,0.018));
#2482=CARTESIAN_POINT('',(0.0129755,0.0035,0.018));
#2483=CARTESIAN_POINT('',(0.0129755,-0.046033046234745,0.018));
#2484=CARTESIAN_POINT('',(0.0129755,-0.046033046234745,3.03302432616992E-18));
#2485=CARTESIAN_POINT('',(0.0129755,-0.046033046234745,0.012));
#2486=CARTESIAN_POINT('',(0.0129755,-0.048033046234745,0.012));
#2487=CARTESIAN_POINT('',(0.0129755,-0.048033046234745,0.01));
#2488=CARTESIAN_POINT('',(0.0129755,0.0035,0.01));
#2489=CARTESIAN_POINT('',(0.0129754768071327,-0.0749999064681006,0.01));
#2490=CARTESIAN_POINT('',(0.0129755,-0.075,0.));
#2491=CARTESIAN_POINT('',(0.0129755,-0.075,-0.018));
#2492=CARTESIAN_POINT('',(0.0129755,-0.073,-0.018));
#2493=CARTESIAN_POINT('',(0.0129755,-0.073,-0.02));
#2494=CARTESIAN_POINT('',(0.0129755,0.0035,-0.02));
#2495=CARTESIAN_POINT('',(0.0129755,-0.06,-0.02));
#2496=CARTESIAN_POINT('',(0.0129755,-0.06375,-0.015));
#2497=CARTESIAN_POINT('',(0.0129755,-0.0675,-0.01));
#2498=CARTESIAN_POINT('',(0.0129755,-0.06375,-0.01));
#2499=CARTESIAN_POINT('',(0.0129755,-0.06,-0.01));
#2500=CARTESIAN_POINT('',(0.0129755,-0.06,0.));
#2501=CARTESIAN_POINT('',(0.0129755,-0.06,0.00915729430764506));
#2502=CARTESIAN_POINT('',(0.0129755,-0.06,0.00915729430764506));
#2503=CARTESIAN_POINT('',(0.0129755,0.,0.00915729430764506));
#2504=CARTESIAN_POINT('',(0.0129755,0.,0.));
#2505=CARTESIAN_POINT('',(0.0129755,0.,-0.01));
#2506=CARTESIAN_POINT('',(0.0129755,0.000595792720559985,-0.0125));
#2507=CARTESIAN_POINT('',(0.0129755,0.00119158544111997,-0.015));
#2508=CARTESIAN_POINT('',(0.0129755,0.000595792720559987,-0.0175));
#2509=CARTESIAN_POINT('',(-0.0129755,0.0035,0.));
#2510=CARTESIAN_POINT('',(-0.0129755,-0.0734998129362012,0.0185));
#2511=CARTESIAN_POINT('',(-0.0129755543110387,-0.0749998647430026,0.0185101235434213));
#2512=CARTESIAN_POINT('',(-0.0129755,-0.0735,0.0185));
#2513=CARTESIAN_POINT('',(0.0129755,0.0035,0.));
#2514=CARTESIAN_POINT('',(0.0129755,-0.0734998129362012,0.0185));
#2515=CARTESIAN_POINT('',(0.0129755543110386,-0.0749998647430026,0.0185101235434253));
#2516=CARTESIAN_POINT('',(0.0129755,-0.0735,0.0185));
#2517=CARTESIAN_POINT('',(1.56125112837912E-17,-0.075,0.));
#2518=CARTESIAN_POINT('',(0.0129756974005543,-0.075,-1.03545467168745E-18));
#2519=CARTESIAN_POINT('',(0.0129756974005543,-0.075,0.012));
#2520=CARTESIAN_POINT('',(1.56125112837912E-17,-0.075,0.0185));
#2521=CARTESIAN_POINT('',(-0.0129756974005543,-0.075,0.02));
#2522=CARTESIAN_POINT('',(-0.0129756974005543,-0.075,0.012));
#2523=CARTESIAN_POINT('',(-0.0162610566639635,-0.075,0.012));
#2524=CARTESIAN_POINT('',(-0.0162610566639634,-0.075,0.01));
#2525=CARTESIAN_POINT('',(1.56125112837912E-17,-0.075,0.01));
#2526=CARTESIAN_POINT('',(0.0129755,-0.075,-0.018));
#2527=CARTESIAN_POINT('',(1.56125112837912E-17,-0.075,0.01));
#2528=CARTESIAN_POINT('',(0.0162610566639634,-0.075,0.01));
#2529=CARTESIAN_POINT('',(0.0162610566639634,-0.075,0.012));
#2530=CARTESIAN_POINT('',(1.7347234759768E-18,0.0035,-0.02));
#2531=CARTESIAN_POINT('',(1.7347234759768E-18,0.0035,-0.02));
#2532=CARTESIAN_POINT('',(0.0109755,0.0035,-0.02));
#2533=CARTESIAN_POINT('',(-0.0109755,0.0035,-0.02));
#2534=CARTESIAN_POINT('',(0.0109755,0.0015,-0.02));
#2535=CARTESIAN_POINT('',(-0.0220245,1.84314369322536E-18,-0.02));
#2536=CARTESIAN_POINT('',(-0.0109755,0.0015,-0.02));
#2537=CARTESIAN_POINT('',(0.,0.,0.));
#2538=CARTESIAN_POINT('',(-0.0220245,-6.9931040125315E-18,-0.01));
#2539=CARTESIAN_POINT('',(0.0129755,0.,0.409157294307645));
#2540=CARTESIAN_POINT('',(1.7347234759768E-18,0.0035,-0.02));
#2541=CARTESIAN_POINT('',(-0.0129755,-0.073,-0.02));
#2542=CARTESIAN_POINT('',(-0.0220245,-0.06,-0.02));
#2543=CARTESIAN_POINT('',(0.,0.0035,0.));
#2544=CARTESIAN_POINT('',(0.,0.0035,0.015));
#2545=CARTESIAN_POINT('',(-0.0109755,0.0035,0.015));
#2546=CARTESIAN_POINT('',(0.0109755,0.0035,0.015));
#2547=CARTESIAN_POINT('',(0.0109755,0.0035,4.75986437764586E-19));
#2548=CARTESIAN_POINT('',(-0.0109755,0.0035,0.015));
#2549=CARTESIAN_POINT('',(0.0129755,-0.06,0.409157294307645));
#2550=CARTESIAN_POINT('',(0.0129755,-0.06,0.409157294307645));
#2551=CARTESIAN_POINT('',(-0.0129755,-0.06,0.01));
#2552=CARTESIAN_POINT('',(1.56125112837912E-17,-0.06,0.));
#2553=CARTESIAN_POINT('',(1.60461921527854E-17,-0.06,-0.01));
#2554=CARTESIAN_POINT('',(1.7347234759768E-18,-0.0015,0.015));
#2555=CARTESIAN_POINT('',(0.0109755,-0.0015,0.015));
#2556=CARTESIAN_POINT('',(-0.0109755,-0.0015,0.015));
#2557=CARTESIAN_POINT('',(-0.0220245,-0.06375,-0.01));
#2558=CARTESIAN_POINT('',(-0.0220245,-0.0675,-0.01));
#2559=CARTESIAN_POINT('',(-0.0220245,-0.06375,-0.015));
#2560=CARTESIAN_POINT('',(-0.0220245,0.000595792720559987,-0.0175));
#2561=CARTESIAN_POINT('',(-0.0220245,0.00119158544111997,-0.015));
#2562=CARTESIAN_POINT('',(-0.0220245,0.000595792720559985,-0.0125));
#2563=CARTESIAN_POINT('',(1.56125112837912E-17,-0.073,-0.018));
#2564=CARTESIAN_POINT('',(-0.0213766971854793,-0.0791151511165755,0.06));
#2565=CARTESIAN_POINT('',(-0.0440360226888454,-0.0969427172280958,0.06));
#2566=CARTESIAN_POINT('',(-0.0440360226888455,-0.0969427172280957,0.06));
#2567=CARTESIAN_POINT('',(-0.0138885957577785,-0.0738097829257644,0.06));
#2568=CARTESIAN_POINT('',(-0.0257679357564705,-0.0829251211061387,0.0585));
#2569=CARTESIAN_POINT('',(-0.0440360226888455,-0.0969427172280957,0.0585));
#2570=CARTESIAN_POINT('',(-0.0431228805453324,-0.0981327472385326,0.0585));
#2571=CARTESIAN_POINT('',(-0.0447095872259148,-0.0993502700965501,0.0585));
#2572=CARTESIAN_POINT('',(-0.0244790770484883,-0.0838268536568277,0.0585));
#2573=CARTESIAN_POINT('',(-0.0253922191920014,-0.0826368236463908,0.0585));
#2574=CARTESIAN_POINT('',(-0.0253922191920014,-0.0826368236463908,0.02));
#2575=CARTESIAN_POINT('',(-0.0244790770484883,-0.0838268536568277,0.02));
#2576=CARTESIAN_POINT('',(-0.0244790770484883,-0.0838268536568277,0.0185));
#2577=CARTESIAN_POINT('',(-0.0253922191920014,-0.0826368236463908,0.0185));
#2578=CARTESIAN_POINT('',(-0.027898600758001,-0.0801483844151194,0.02));
#2579=CARTESIAN_POINT('',(-0.0310929742248425,-0.0825995133859108,0.058));
#2580=CARTESIAN_POINT('',(-0.046166687690376,-0.0941659805370765,0.058));
#2581=CARTESIAN_POINT('',(-0.0279195608636775,-0.0801644676698759,0.058));
#2582=CARTESIAN_POINT('',(-0.0279195608636775,-0.0801644676698759,0.060002));
#2583=CARTESIAN_POINT('',(-0.046166687690376,-0.0941659805370765,0.0325));
#2584=CARTESIAN_POINT('',(-0.0257679357564705,-0.0829251211061387,0.0185));
#2585=CARTESIAN_POINT('',(-0.0141654836247022,-0.0759129550797143,0.0185));
#2586=CARTESIAN_POINT('',(-0.0134846350025605,-0.0734998129362012,0.0185));
#2587=CARTESIAN_POINT('',(-0.0211110746422597,-0.0560330462347451,0.0459422341473606));
#2588=CARTESIAN_POINT('',(-0.0211110746422597,-0.046033046234745,0.02));
#2589=CARTESIAN_POINT('',(-0.0211110746422597,-0.046033046234745,0.012));
#2590=CARTESIAN_POINT('',(-0.0211110746422597,-0.046033046234745,0.018));
#2591=CARTESIAN_POINT('',(-0.0211110746422597,-0.0560330462347451,0.012));
#2592=CARTESIAN_POINT('',(-0.0271986889323469,-0.0480995128318327,0.012));
#2593=CARTESIAN_POINT('',(-0.0271986889323469,-0.0480995128318327,0.01));
#2594=CARTESIAN_POINT('',(-0.0271986889323469,-0.0480995128318327,0.018));
#2595=CARTESIAN_POINT('',(-0.0211110746422597,-0.0560330462347451,0.018));
#2596=CARTESIAN_POINT('',(-0.043117636483219,-0.0603145509078385,0.01));
#2597=CARTESIAN_POINT('',(-0.043117636483219,-0.0603145509078385,0.012));
#2598=CARTESIAN_POINT('',(-0.0550388966932641,-0.0694620555977258,0.012));
#2599=CARTESIAN_POINT('',(-0.0550388966932641,-0.0694620555977258,0.01));
#2600=CARTESIAN_POINT('',(-0.0550388966932641,-0.0694620555977258,0.018));
#2601=CARTESIAN_POINT('',(-0.0271986889323469,-0.0480995128318327,0.018));
#2602=CARTESIAN_POINT('',(-0.0489512824031769,-0.0773955890006381,0.01));
#2603=CARTESIAN_POINT('',(-0.0489512824031769,-0.0773955890006381,0.012));
#2604=CARTESIAN_POINT('',(-0.0568848158060892,-0.0834832032907254,0.012));
#2605=CARTESIAN_POINT('',(-0.0568848158060892,-0.0834832032907254,0.01));
#2606=CARTESIAN_POINT('',(-0.0568848158060892,-0.0834832032907254,0.018));
#2607=CARTESIAN_POINT('',(-0.0489512824031769,-0.0773955890006381,0.018));
#2608=CARTESIAN_POINT('',(-0.0462314907984366,-0.0973668867458219,0.02));
#2609=CARTESIAN_POINT('',(-0.0477533943709584,-0.0953835033950939,0.058));
#2610=CARTESIAN_POINT('',(-0.0459271100839323,-0.0977635634159676,0.058));
#2611=CARTESIAN_POINT('',(-0.0568848158060892,-0.0834832032907254,0.018));
#2612=CARTESIAN_POINT('',(-0.0462314907984366,-0.0973668867458219,0.012));
#2613=CARTESIAN_POINT('',(-0.0459271100839323,-0.0977635634159676,0.012));
#2614=CARTESIAN_POINT('',(-0.0459271100839323,-0.0977635634159676,0.02));
#2615=CARTESIAN_POINT('',(-0.0213766971854793,-0.0734998129362012,0.0185));
#2616=CARTESIAN_POINT('',(-0.0213766971854793,-0.0791151511165755,0.01));
#2617=CARTESIAN_POINT('',(-0.0214683548934459,-0.0789957004659369,0.01));
#2618=CARTESIAN_POINT('',(-0.0443404034033498,-0.0965460405579501,0.01));
#2619=CARTESIAN_POINT('',(-0.0442487456953831,-0.0966654912085888,0.01));
#2620=CARTESIAN_POINT('',(-0.0552981091255068,-0.0822656804327079,0.01));
#2621=CARTESIAN_POINT('',(-0.0489512824031769,-0.0773955890006381,0.01));
#2622=CARTESIAN_POINT('',(-0.0538213738352466,-0.0710487622783082,0.01));
#2623=CARTESIAN_POINT('',(-0.0372961520476726,-0.0583685136183648,0.01));
#2624=CARTESIAN_POINT('',(-0.0259811660743294,-0.0496862195124152,0.01));
#2625=CARTESIAN_POINT('',(-0.0211110746422597,-0.0560330462347451,0.01));
#2626=CARTESIAN_POINT('',(-0.0211110746422597,-0.0480330462347451,0.01));
#2627=CARTESIAN_POINT('',(-0.0129755,-0.048033046234745,0.01));
#2628=CARTESIAN_POINT('',(-1.32656389814342E-17,-0.046033046234745,0.0459422341473606));
#2629=CARTESIAN_POINT('',(-0.0211110746422597,-0.046033046234745,0.012));
#2630=CARTESIAN_POINT('',(-1.32656389814342E-17,-0.046033046234745,0.018));
#2631=CARTESIAN_POINT('',(-0.0248547936129574,-0.0841151511165755,0.02));
#2632=CARTESIAN_POINT('',(-0.0431228805453324,-0.0981327472385326,0.02));
#2633=CARTESIAN_POINT('',(-0.0431228805453324,-0.0981327472385326,0.012));
#2634=CARTESIAN_POINT('',(-0.0248547936129574,-0.0841151511165755,0.012));
#2635=CARTESIAN_POINT('',(-1.32656389814342E-17,-0.046033046234745,0.0459422341473606));
#2636=CARTESIAN_POINT('',(0.0211110746422597,-0.046033046234745,0.01));
#2637=CARTESIAN_POINT('',(0.0211110746422597,-0.046033046234745,0.018));
#2638=CARTESIAN_POINT('',(0.0211110746422597,-0.046033046234745,0.012));
#2639=CARTESIAN_POINT('',(0.0129755,-0.046033046234745,0.012));
#2640=CARTESIAN_POINT('',(-1.32656389814342E-17,-0.046033046234745,0.018));
#2641=CARTESIAN_POINT('',(-0.0213766971854793,-0.0791151511165755,0.01));
#2642=CARTESIAN_POINT('',(-0.00544103864502483,-0.0583473965737217,0.01));
#2643=CARTESIAN_POINT('',(0.0443404034033497,-0.0965460405579501,0.01));
#2644=CARTESIAN_POINT('',(0.0211110746422597,-0.048033046234745,0.01));
#2645=CARTESIAN_POINT('',(0.0211110746422597,-0.0480330462347451,0.01));
#2646=CARTESIAN_POINT('',(0.0211110746422597,-0.0560330462347451,0.01));
#2647=CARTESIAN_POINT('',(0.0259811660743294,-0.0496862195124152,0.01));
#2648=CARTESIAN_POINT('',(0.010386758509202,-0.0377202097261495,0.01));
#2649=CARTESIAN_POINT('',(0.0538213738352466,-0.0710487622783082,0.01));
#2650=CARTESIAN_POINT('',(0.0489512824031769,-0.0773955890006381,0.01));
#2651=CARTESIAN_POINT('',(0.0552981091255067,-0.0822656804327079,0.01));
#2652=CARTESIAN_POINT('',(0.0284047448628953,-0.117313795100804,0.01));
#2653=CARTESIAN_POINT('',(0.043117636483219,-0.0603145509078385,0.01));
#2654=CARTESIAN_POINT('',(0.0550388966932641,-0.0694620555977258,0.01));
#2655=CARTESIAN_POINT('',(0.0550388966932641,-0.0694620555977258,0.018));
#2656=CARTESIAN_POINT('',(0.0550388966932641,-0.0694620555977258,0.012));
#2657=CARTESIAN_POINT('',(0.043117636483219,-0.0603145509078385,0.012));
#2658=CARTESIAN_POINT('',(0.0271986889323469,-0.0480995128318327,0.012));
#2659=CARTESIAN_POINT('',(0.0271986889323469,-0.0480995128318327,0.02));
#2660=CARTESIAN_POINT('',(0.0271986889323469,-0.0480995128318327,0.018));
#2661=CARTESIAN_POINT('',(0.0550388966932641,-0.0694620555977258,0.018));
#2662=CARTESIAN_POINT('',(0.0248547936129574,-0.0841151511165755,0.01));
#2663=CARTESIAN_POINT('',(0.0248547936129574,-0.0841151511165755,0.012));
#2664=CARTESIAN_POINT('',(0.0431228805453324,-0.0981327472385326,0.012));
#2665=CARTESIAN_POINT('',(0.0431228805453324,-0.0981327472385326,0.01));
#2666=CARTESIAN_POINT('',(0.0431228805453324,-0.0981327472385326,0.0585));
#2667=CARTESIAN_POINT('',(0.0129754536142654,-0.0749998129362012,0.0585));
#2668=CARTESIAN_POINT('',(0.0244790770484883,-0.0838268536568277,0.0585));
#2669=CARTESIAN_POINT('',(0.0244790770484883,-0.0838268536568277,0.01));
#2670=CARTESIAN_POINT('',(0.0244790770484883,-0.0838268536568277,0.0185));
#2671=CARTESIAN_POINT('',(0.0129754536142654,-0.0749998129362012,0.0185));
#2672=CARTESIAN_POINT('',(0.0462314907984366,-0.0973668867458219,0.01));
#2673=CARTESIAN_POINT('',(0.0456227293694279,-0.0981602400861132,0.058));
#2674=CARTESIAN_POINT('',(0.0459271100839322,-0.0977635634159676,0.058));
#2675=CARTESIAN_POINT('',(0.0459271100839322,-0.0977635634159676,0.01));
#2676=CARTESIAN_POINT('',(0.0459271100839322,-0.0977635634159676,0.012));
#2677=CARTESIAN_POINT('',(0.0462314907984366,-0.0973668867458219,0.012));
#2678=CARTESIAN_POINT('',(0.0568848158060892,-0.0834832032907254,0.012));
#2679=CARTESIAN_POINT('',(0.0568848158060892,-0.0834832032907254,0.01));
#2680=CARTESIAN_POINT('',(0.0211110746422597,-0.0560330462347451,0.01));
#2681=CARTESIAN_POINT('',(0.0211110746422597,-0.0560330462347451,0.012));
#2682=CARTESIAN_POINT('',(0.0211110746422597,-0.0560330462347451,0.018));
#2683=CARTESIAN_POINT('',(0.0489512824031769,-0.0773955890006381,0.01));
#2684=CARTESIAN_POINT('',(0.0489512824031769,-0.0773955890006381,0.012));
#2685=CARTESIAN_POINT('',(0.0489512824031769,-0.0773955890006381,0.018));
#2686=CARTESIAN_POINT('',(0.0213766971854792,-0.0791151511165755,0.06));
#2687=CARTESIAN_POINT('',(0.0456227293694279,-0.0981602400861132,0.06));
#2688=CARTESIAN_POINT('',(0.0242021891815645,-0.0817236815028777,0.06));
#2689=CARTESIAN_POINT('',(0.0440360226888454,-0.0969427172280958,0.06));
#2690=CARTESIAN_POINT('',(0.0461666876903759,-0.0941659805370764,0.06));
#2691=CARTESIAN_POINT('',(0.0248109506105732,-0.0809303281625865,0.06));
#2692=CARTESIAN_POINT('',(0.0248109506105732,-0.0809303281625865,0.02));
#2693=CARTESIAN_POINT('',(0.0309594410435613,-0.072917459425645,0.0544));
#2694=CARTESIAN_POINT('',(0.02876789989913,-0.0757735314506935,0.0544));
#2695=CARTESIAN_POINT('',(0.02876789989913,-0.0757735314506935,0.060002));
#2696=CARTESIAN_POINT('',(0.0242021891815646,-0.0817236815028777,0.02));
#2697=CARTESIAN_POINT('',(0.0253922191920013,-0.0826368236463908,0.02));
#2698=CARTESIAN_POINT('',(0.0253922191920013,-0.0826368236463908,0.0185));
#2699=CARTESIAN_POINT('',(0.0253922191920013,-0.0826368236463908,0.0585));
#2700=CARTESIAN_POINT('',(0.0211639741789415,-0.0793923771360825,0.0585));
#2701=CARTESIAN_POINT('',(0.0440360226888454,-0.0969427172280957,0.0585));
#2702=CARTESIAN_POINT('',(0.0257679357564705,-0.0829251211061387,0.0185));
#2703=CARTESIAN_POINT('',(0.0134846350025604,-0.0734998129362012,0.0185));
#2704=CARTESIAN_POINT('',(-0.0213766971854793,-0.0734998129362012,0.0185));
#2705=CARTESIAN_POINT('',(-0.0213766971854793,-0.048033046234745,0.012));
#2706=CARTESIAN_POINT('',(0.0211110746422597,-0.048033046234745,0.012));
#2707=CARTESIAN_POINT('',(0.0211110746422597,-0.0560330462347451,0.012));
#2708=CARTESIAN_POINT('',(0.0259811660743294,-0.0496862195124152,0.012));
#2709=CARTESIAN_POINT('',(0.0419001136252016,-0.061901257588421,0.012));
#2710=CARTESIAN_POINT('',(0.0538213738352466,-0.0710487622783082,0.012));
#2711=CARTESIAN_POINT('',(0.0489512824031769,-0.0773955890006381,0.012));
#2712=CARTESIAN_POINT('',(0.0552981091255067,-0.0822656804327079,0.012));
#2713=CARTESIAN_POINT('',(0.0446447841178541,-0.0961493638878045,0.012));
#2714=CARTESIAN_POINT('',(0.0443404034033497,-0.0965460405579501,0.012));
#2715=CARTESIAN_POINT('',(0.0260723164709749,-0.0825284444359931,0.012));
#2716=CARTESIAN_POINT('',(0.0443404034033497,-0.0965460405579501,0.012));
#2717=CARTESIAN_POINT('',(0.0443404034033497,-0.0965460405579501,0.012));
#2718=CARTESIAN_POINT('',(0.0443404034033497,-0.0965460405579501,0.012));
#2719=CARTESIAN_POINT('',(0.0443404034033497,-0.0965460405579501,0.01));
#2720=CARTESIAN_POINT('',(0.0443404034033497,-0.0965460405579501,0.058));
#2721=CARTESIAN_POINT('',(0.0431228805453323,-0.0981327472385326,0.0585));
#2722=CARTESIAN_POINT('',(0.0431228805453322,-0.0981327472385325,0.06));
#2723=CARTESIAN_POINT('',(0.0440360226888453,-0.0969427172280956,0.06));
#2724=CARTESIAN_POINT('',(0.0433305802410617,-0.0982921208204607,0.0584999999998692));
#2725=CARTESIAN_POINT('',(0.0434863560567063,-0.0984116517953414,0.0599999999900523));
#2726=CARTESIAN_POINT('',(0.044243722384654,-0.0971020908099209,0.06));
#2727=CARTESIAN_POINT('',(0.0438092767544933,-0.0985281751014485,0.0584739656197441));
#2728=CARTESIAN_POINT('',(0.0443023816982177,-0.0987055632086593,0.0597364106559455));
#2729=CARTESIAN_POINT('',(0.0446748727182747,-0.0974001084788192,0.0598958624787336));
#2730=CARTESIAN_POINT('',(0.0446082528765493,-0.0985805591774088,0.0583627589286257));
#2731=CARTESIAN_POINT('',(0.0451269328764538,-0.0985000230403007,0.0590713897231761));
#2732=CARTESIAN_POINT('',(0.0452707538079166,-0.09771717115412,0.0594510357145681));
#2733=CARTESIAN_POINT('',(0.0453664464660484,-0.0983231698731027,0.0581963190093129));
#2734=CARTESIAN_POINT('',(0.0456004755734139,-0.0981483295782133,0.0585040980116442));
#2735=CARTESIAN_POINT('',(0.0457249807879896,-0.0978559188477145,0.0587852760372329));
#2736=CARTESIAN_POINT('',(0.0457677366082531,-0.0979712629732304,0.0580654498905831));
#2737=CARTESIAN_POINT('',(0.0458275016829181,-0.0978933756146396,0.0581636246935319));
#2738=CARTESIAN_POINT('',(0.0458872667150127,-0.0978154883052829,0.0582617995623323));
#2739=CARTESIAN_POINT('',(0.0459271100839322,-0.0977635634159676,0.058));
#2740=CARTESIAN_POINT('',(0.0459271100839322,-0.0977635634159676,0.058));
#2741=CARTESIAN_POINT('',(0.0459271100839322,-0.0977635634159675,0.058));
#2742=CARTESIAN_POINT('',(0.0443404034033497,-0.0965460405579501,0.058));
#2743=CARTESIAN_POINT('',(0.0442487456953831,-0.0966654912085888,0.058));
#2744=CARTESIAN_POINT('',(-0.0213766971854793,-0.048033046234745,0.012));
#2745=CARTESIAN_POINT('',(-0.0211110746422597,-0.048033046234745,0.012));
#2746=CARTESIAN_POINT('',(-0.0211110746422597,-0.0560330462347451,0.012));
#2747=CARTESIAN_POINT('',(-0.0259811660743294,-0.0496862195124152,0.012));
#2748=CARTESIAN_POINT('',(-0.0372961520476726,-0.0583685136183648,0.012));
#2749=CARTESIAN_POINT('',(-0.0538213738352467,-0.0710487622783082,0.012));
#2750=CARTESIAN_POINT('',(-0.0489512824031769,-0.0773955890006381,0.012));
#2751=CARTESIAN_POINT('',(-0.0552981091255068,-0.0822656804327079,0.012));
#2752=CARTESIAN_POINT('',(-0.0214683548934459,-0.0789957004659369,0.012));
#2753=CARTESIAN_POINT('',(-0.0443404034033498,-0.0965460405579501,0.012));
#2754=CARTESIAN_POINT('',(-0.0442487456953831,-0.0966654912085888,0.012));
#2755=CARTESIAN_POINT('',(-0.0443404034033498,-0.0965460405579501,0.012));
#2756=CARTESIAN_POINT('',(-0.0443404034033498,-0.0965460405579501,0.012));
#2757=CARTESIAN_POINT('',(-0.0443404034033498,-0.0965460405579501,0.012));
#2758=CARTESIAN_POINT('',(-0.0443404034033498,-0.0965460405579501,0.02));
#2759=CARTESIAN_POINT('',(-0.0443404034033498,-0.0965460405579501,0.058));
#2760=CARTESIAN_POINT('',(-0.0440360226888454,-0.0969427172280957,0.06));
#2761=CARTESIAN_POINT('',(-0.0431228805453324,-0.0981327472385326,0.06));
#2762=CARTESIAN_POINT('',(-0.0431228805453324,-0.0981327472385326,0.0585));
#2763=CARTESIAN_POINT('',(-0.0442437223846542,-0.0971020908099209,0.06));
#2764=CARTESIAN_POINT('',(-0.0434863560567054,-0.0984116517953412,0.0599999999900508));
#2765=CARTESIAN_POINT('',(-0.0433305802410611,-0.0982921208204603,0.0584999999998692));
#2766=CARTESIAN_POINT('',(-0.0446748727182748,-0.0974001084788192,0.0598958624787335));
#2767=CARTESIAN_POINT('',(-0.0443023816980165,-0.0987055632085267,0.0597364106559282));
#2768=CARTESIAN_POINT('',(-0.0438092767544935,-0.0985281751014487,0.0584739656197441));
#2769=CARTESIAN_POINT('',(-0.0452707538079167,-0.09771717115412,0.0594510357145681));
#2770=CARTESIAN_POINT('',(-0.0451269328770606,-0.0985000230407,0.0590713897232297));
#2771=CARTESIAN_POINT('',(-0.0446082528765496,-0.0985805591774084,0.0583627589286257));
#2772=CARTESIAN_POINT('',(-0.0457249807879895,-0.0978559188477147,0.0587852760372328));
#2773=CARTESIAN_POINT('',(-0.0456004755714019,-0.098148329576889,0.0585040980114658));
#2774=CARTESIAN_POINT('',(-0.0453664464660475,-0.0983231698731039,0.0581963190093129));
#2775=CARTESIAN_POINT('',(-0.0458872667150131,-0.0978154883052825,0.0582617995623323));
#2776=CARTESIAN_POINT('',(-0.045827501687137,-0.0978933756174163,0.058163624693906));
#2777=CARTESIAN_POINT('',(-0.0457677366082551,-0.0979712629732279,0.0580654498905831));
#2778=CARTESIAN_POINT('',(-0.0459271100839323,-0.0977635634159676,0.0580000000000001));
#2779=CARTESIAN_POINT('',(-0.0459271100839322,-0.0977635634159676,0.0580000000000001));
#2780=CARTESIAN_POINT('',(-0.0459271100839322,-0.0977635634159676,0.058));
#2781=CARTESIAN_POINT('',(-0.0443404034033498,-0.0965460405579501,0.058));
#2782=CARTESIAN_POINT('',(-0.0446447841178541,-0.0961493638878045,0.058));
#2783=CARTESIAN_POINT('',(0.0489512824031769,-0.0773955890006381,0.018));
#2784=CARTESIAN_POINT('',(0.0538213738352466,-0.0710487622783082,0.018));
#2785=CARTESIAN_POINT('',(-0.0160585987747,-0.0174279733754656,0.018));
#2786=CARTESIAN_POINT('',(0.0259811660743294,-0.0496862195124152,0.018));
#2787=CARTESIAN_POINT('',(0.0211110746422597,-0.0560330462347451,0.018));
#2788=CARTESIAN_POINT('',(0.0211110746422597,-0.0480330462347451,0.018));
#2789=CARTESIAN_POINT('',(-1.32656389814342E-17,-0.048033046234745,0.018));
#2790=CARTESIAN_POINT('',(0.0109755,-0.048033046234745,0.018));
#2791=CARTESIAN_POINT('',(0.0109755,0.0035,0.018));
#2792=CARTESIAN_POINT('',(0.0109755,-0.0015,0.018));
#2793=CARTESIAN_POINT('',(0.0109755,-0.0015,0.015));
#2794=CARTESIAN_POINT('',(0.0109755,0.0015,0.015));
#2795=CARTESIAN_POINT('',(0.0109755,0.0015,-8.67361737988404E-20));
#2796=CARTESIAN_POINT('',(-0.0446447841178541,-0.0961493638878045,0.018));
#2797=CARTESIAN_POINT('',(-0.0552981091255068,-0.0822656804327079,0.018));
#2798=CARTESIAN_POINT('',(-0.0489512824031769,-0.0773955890006381,0.018));
#2799=CARTESIAN_POINT('',(-0.0538213738352466,-0.0710487622783083,0.018));
#2800=CARTESIAN_POINT('',(-0.0419001136252016,-0.061901257588421,0.018));
#2801=CARTESIAN_POINT('',(-0.0259811660743294,-0.0496862195124152,0.018));
#2802=CARTESIAN_POINT('',(-0.0211110746422597,-0.0560330462347451,0.018));
#2803=CARTESIAN_POINT('',(-0.0211110746422597,-0.0480330462347451,0.018));
#2804=CARTESIAN_POINT('',(-1.32656389814342E-17,-0.048033046234745,0.018));
#2805=CARTESIAN_POINT('',(-0.0109755,-0.048033046234745,0.018));
#2806=CARTESIAN_POINT('',(-0.0109755,0.0035,0.018));
#2807=CARTESIAN_POINT('',(-0.0109755,-0.0015,0.018));
#2808=CARTESIAN_POINT('',(-0.0109755,-0.0015,0.015));
#2809=CARTESIAN_POINT('',(-0.0109755,0.0015,0.015));
#2810=CARTESIAN_POINT('',(-0.0109755,0.0015,-4.75986437764586E-19));
#2811=CARTESIAN_POINT('',(1.56125112837912E-17,-0.0735,0.0185));
#2812=CARTESIAN_POINT('',(-0.0476885912628978,-0.0921825971863484,0.0325));
#2813=CARTESIAN_POINT('',(-0.0476885912628978,-0.0921825971863484,0.058));
#2814=CARTESIAN_POINT('',(0.0476885912628978,-0.0921825971863484,0.0325));
#2815=CARTESIAN_POINT('',(-0.0326148777973643,-0.0806161300351827,0.058));
#2816=CARTESIAN_POINT('',(-0.029137083721695,-0.0785777609892934,0.058));
#2817=CARTESIAN_POINT('',(0.029137083721695,-0.0785777609892934,0.060002));
#2818=CARTESIAN_POINT('',(0.0303546065797124,-0.0769910543087109,0.060002));
#2819=CARTESIAN_POINT('',(0.0303546065797124,-0.0769910543087109,0.0544));
#2820=CARTESIAN_POINT('',(0.0325461477241438,-0.0741349822836625,0.0544));
#2821=CARTESIAN_POINT('',(0.0295612532394212,-0.0763822928797022,0.060002));
#2822=CARTESIAN_POINT('',(0.0295612532394212,-0.0763822928797022,0.0544));
#2823=CARTESIAN_POINT('',(-0.0295612532394212,-0.0763822928797022,0.060002));
#2824=CARTESIAN_POINT('',(-0.0303546065797124,-0.0769910543087109,0.060002));
#2825=CARTESIAN_POINT('',(-0.0303546065797124,-0.0769910543087109,0.0544));
#2826=CARTESIAN_POINT('',(-0.0295612532394212,-0.0763822928797022,0.0544));
#2827=CARTESIAN_POINT('',(-0.029137083721695,-0.0785777609892934,0.060002));
#2828=CARTESIAN_POINT('',(-0.0325461477241438,-0.0741349822836625,0.0544));
#2829=CARTESIAN_POINT('',(0.0317527943838526,-0.0735262208546538,0.0544));
#2830=CARTESIAN_POINT('',(-0.0317527943838526,-0.0735262208546537,0.0544));
#2831=MECHANICAL_DESIGN_GEOMETRIC_PRESENTATION_REPRESENTATION('',(#1624),
#2832);
#2832=(
GEOMETRIC_REPRESENTATION_CONTEXT(3)
GLOBAL_UNCERTAINTY_ASSIGNED_CONTEXT((#2833))
GLOBAL_UNIT_ASSIGNED_CONTEXT((#2836,#2835,#2834))
REPRESENTATION_CONTEXT('Part 1','TOP_LEVEL_ASSEMBLY_PART')
);
#2833=UNCERTAINTY_MEASURE_WITH_UNIT(LENGTH_MEASURE(2.02599332212277E-5),
#2836,'DISTANCE_ACCURACY_VALUE','Maximum Tolerance applied to model');
#2834=(
NAMED_UNIT(*)
SI_UNIT($,.STERADIAN.)
SOLID_ANGLE_UNIT()
);
#2835=(
NAMED_UNIT(*)
PLANE_ANGLE_UNIT()
SI_UNIT($,.RADIAN.)
);
#2836=(
LENGTH_UNIT()
NAMED_UNIT(*)
SI_UNIT($,.METRE.)
);
#2837=PRODUCT_DEFINITION_SHAPE('','',#2838);
#2838=PRODUCT_DEFINITION('','',#2840,#2839);
#2839=PRODUCT_DEFINITION_CONTEXT('',#2846,'design');
#2840=PRODUCT_DEFINITION_FORMATION_WITH_SPECIFIED_SOURCE('','',#2842,
 .NOT_KNOWN.);
#2841=PRODUCT_RELATED_PRODUCT_CATEGORY('','',(#2842));
#2842=PRODUCT('Part 1','Part 1','Part 1',(#2844));
#2843=PRODUCT_CATEGORY('','');
#2844=PRODUCT_CONTEXT('',#2846,'mechanical');
#2845=APPLICATION_PROTOCOL_DEFINITION('international standard',
'ap242_managed_model_based_3d_engineering',2020,#2846);
#2846=APPLICATION_CONTEXT('managed model based 3d engineering');
ENDSEC;
END-ISO-10303-21;
